Isotype	Strain	Sequencing Run	Sequencing Library	Source	ReadGroup	Library Preparation Method	Trimming
BRC20067	BRC20067	UChicago	EA2	Andersen	UChicago-EA2-BRC20067	Tagmentation	ILLUMINACLIP:NexteraPE-PE.fa:2:80:10 MINLEN:45
BRC20067	BRC20067	UChicago2	L008	Andersen	UChicago2-L008-BRC20067	Tagmentation	ILLUMINACLIP:NexteraPE-PE.fa:2:80:10 MINLEN:45
CX11262	CX11262	BGI2	RET6	Andersen	BGI2-RET6-CX11262	Tagmentation	ILLUMINACLIP:NexteraPE-PE.fa:2:80:10 MINLEN:45
CX11262	CX11262	BGI3	RET6a	Andersen	BGI3-RET6a-CX11262	Tagmentation	ILLUMINACLIP:NexteraPE-PE.fa:2:80:10 MINLEN:45
CX11276	CX11276	BGI1	RET2	Andersen	BGI1-RET2-CX11276	Tagmentation	ILLUMINACLIP:NexteraPE-PE.fa:2:80:10 MINLEN:45
CX11276	CX11276	BGI2	RET2	Andersen	BGI2-RET2-CX11276	Tagmentation	ILLUMINACLIP:NexteraPE-PE.fa:2:80:10 MINLEN:45
CX11276	CX11276	BGI3	RET2b	Andersen	BGI3-RET2b-CX11276	Tagmentation	ILLUMINACLIP:NexteraPE-PE.fa:2:80:10 MINLEN:45
CX11254	CX11254	BGI1	RET3	Andersen	BGI1-RET3-CX11254	Tagmentation	ILLUMINACLIP:NexteraPE-PE.fa:2:80:10 MINLEN:45
CX11254	CX11254	BGI2	RET3	Andersen	BGI2-RET3-CX11254	Tagmentation	ILLUMINACLIP:NexteraPE-PE.fa:2:80:10 MINLEN:45
CX11254	CX11254	BGI3	RET3b	Andersen	BGI3-RET3b-CX11254	Tagmentation	ILLUMINACLIP:NexteraPE-PE.fa:2:80:10 MINLEN:45
CB4855	ECA248	BGI1	RET4	Andersen	BGI1-RET4-ECA248	Tagmentation	ILLUMINACLIP:NexteraPE-PE.fa:2:80:10 MINLEN:45
CB4855	ECA248	BGI2	RET4	Andersen	BGI2-RET4-ECA248	Tagmentation	ILLUMINACLIP:NexteraPE-PE.fa:2:80:10 MINLEN:45
CB4855	ECA248	BGI3	RET4b	Andersen	BGI3-RET4b-ECA248	Tagmentation	ILLUMINACLIP:NexteraPE-PE.fa:2:80:10 MINLEN:45
CB4855	ECA248	Princeton1	PL_3	Princeton	Princeton1-PL_3-ECA248	Sonication	NA
CB4855	ECA248	Princeton1	PL_4	Princeton	Princeton1-PL_4-ECA248	Sonication	NA
CB4854	CB4854	BGI1	RET7	Andersen	BGI1-RET7-CB4854	Tagmentation	ILLUMINACLIP:NexteraPE-PE.fa:2:80:10 MINLEN:45
CB4854	CB4854	BGI2	RET7	Andersen	BGI2-RET7-CB4854	Tagmentation	ILLUMINACLIP:NexteraPE-PE.fa:2:80:10 MINLEN:45
CB4854	CB4854	BGI3	RET7a	Andersen	BGI3-RET7a-CB4854	Tagmentation	ILLUMINACLIP:NexteraPE-PE.fa:2:80:10 MINLEN:45
CB4854	CB4854	MMP	ML_2	MMP	MMP-ML_2-CB4854	Sonication	NA
CB4854	CB4854	MMP	ML_3	MMP	MMP-ML_3-CB4854	Sonication	NA
CB4854	CB4854	MMP	ML_5	MMP	MMP-ML_5-CB4854	Sonication	NA
CB4854	CB4854	MMP	ML_6	MMP	MMP-ML_6-CB4854	Sonication	NA
CB4854	CB4854	MMP	ML_7	MMP	MMP-ML_7-CB4854	Sonication	NA
CX11271	CX11271	BGI1	RET7	Andersen	BGI1-RET7-CX11271	Tagmentation	ILLUMINACLIP:NexteraPE-PE.fa:2:80:10 MINLEN:45
CX11271	CX11271	BGI2	RET7	Andersen	BGI2-RET7-CX11271	Tagmentation	ILLUMINACLIP:NexteraPE-PE.fa:2:80:10 MINLEN:45
CX11271	CX11271	BGI3	RET7a	Andersen	BGI3-RET7a-CX11271	Tagmentation	ILLUMINACLIP:NexteraPE-PE.fa:2:80:10 MINLEN:45
CX11271	CX11271	Princeton1	PL_21	Princeton	Princeton1-PL_21-CX11271	Sonication	NA
CB4857	ECA250	BGI1	RET6	Andersen	BGI1-RET6-ECA250	Tagmentation	ILLUMINACLIP:NexteraPE-PE.fa:2:80:10 MINLEN:45
CB4857	ECA250	BGI2	RET6	Andersen	BGI2-RET6-ECA250	Tagmentation	ILLUMINACLIP:NexteraPE-PE.fa:2:80:10 MINLEN:45
CB4857	ECA249	BGI3	RET1b	Andersen	BGI3-RET1b-ECA249	Tagmentation	ILLUMINACLIP:NexteraPE-PE.fa:2:80:10 MINLEN:45
CB4857	ECA250	BGI3	RET6b	Andersen	BGI3-RET6b-ECA250	Tagmentation	ILLUMINACLIP:NexteraPE-PE.fa:2:80:10 MINLEN:45
CB4857	ECA249	UChicago	EA1	Andersen	UChicago-EA1-ECA249	Tagmentation	ILLUMINACLIP:NexteraPE-PE.fa:2:80:10 MINLEN:45
CB4857	ECA249	UChicago2	L007	Andersen	UChicago2-L007-ECA249	Tagmentation	ILLUMINACLIP:NexteraPE-PE.fa:2:80:10 MINLEN:45
DL200	DL200	BGI1	RET4	Andersen	BGI1-RET4-DL200	Tagmentation	ILLUMINACLIP:NexteraPE-PE.fa:2:80:10 MINLEN:45
DL200	DL200	BGI2	RET4	Andersen	BGI2-RET4-DL200	Tagmentation	ILLUMINACLIP:NexteraPE-PE.fa:2:80:10 MINLEN:45
DL200	DL200	BGI3	RET4a	Andersen	BGI3-RET4a-DL200	Tagmentation	ILLUMINACLIP:NexteraPE-PE.fa:2:80:10 MINLEN:45
CB4932	CB4932	BGI1	RET7	Andersen	BGI1-RET7-CB4932	Tagmentation	ILLUMINACLIP:NexteraPE-PE.fa:2:80:10 MINLEN:45
CB4932	CB4932	BGI2	RET7	Andersen	BGI2-RET7-CB4932	Tagmentation	ILLUMINACLIP:NexteraPE-PE.fa:2:80:10 MINLEN:45
CB4932	CB4932	BGI3	RET7b	Andersen	BGI3-RET7b-CB4932	Tagmentation	ILLUMINACLIP:NexteraPE-PE.fa:2:80:10 MINLEN:45
CB4932	CB4932	Princeton1	PL_13	Princeton	Princeton1-PL_13-CB4932	Sonication	NA
CB4932	CB4932	Princeton1	PL_14	Princeton	Princeton1-PL_14-CB4932	Sonication	NA
AB1	AB1	BGI1	RET2	Andersen	BGI1-RET2-AB1	Tagmentation	ILLUMINACLIP:NexteraPE-PE.fa:2:80:10 MINLEN:45
AB1	AB1	BGI2	RET2	Andersen	BGI2-RET2-AB1	Tagmentation	ILLUMINACLIP:NexteraPE-PE.fa:2:80:10 MINLEN:45
AB1	AB1	BGI3	RET2b	Andersen	BGI3-RET2b-AB1	Tagmentation	ILLUMINACLIP:NexteraPE-PE.fa:2:80:10 MINLEN:45
AB1	AB1	MMP	ML_2	MMP	MMP-ML_2-AB1	Sonication	NA
AB1	AB1	MMP	ML_3	MMP	MMP-ML_3-AB1	Sonication	NA
AB1	AB1	MMP	ML_5	MMP	MMP-ML_5-AB1	Sonication	NA
AB1	AB1	MMP	ML_6	MMP	MMP-ML_6-AB1	Sonication	NA
AB1	AB1	MMP	ML_7	MMP	MMP-ML_7-AB1	Sonication	NA
AB1	AB1	Rockman	R096.2	Rockman	Rockman-R096.2-AB1	Sonication	NA
CX11315	CX11315	BGI1	RET1	Andersen	BGI1-RET1-CX11315	Tagmentation	ILLUMINACLIP:NexteraPE-PE.fa:2:80:10 MINLEN:45
CX11315	CX11315	BGI2	RET1	Andersen	BGI2-RET1-CX11315	Tagmentation	ILLUMINACLIP:NexteraPE-PE.fa:2:80:10 MINLEN:45
CX11315	CX11315	BGI3	RET1b	Andersen	BGI3-RET1b-CX11315	Tagmentation	ILLUMINACLIP:NexteraPE-PE.fa:2:80:10 MINLEN:45
CX11314	CX11314	BGI1	RET3	Andersen	BGI1-RET3-CX11314	Tagmentation	ILLUMINACLIP:NexteraPE-PE.fa:2:80:10 MINLEN:45
CX11314	CX11314	BGI2	RET3	Andersen	BGI2-RET3-CX11314	Tagmentation	ILLUMINACLIP:NexteraPE-PE.fa:2:80:10 MINLEN:45
CX11314	CX11314	BGI3	RET3b	Andersen	BGI3-RET3b-CX11314	Tagmentation	ILLUMINACLIP:NexteraPE-PE.fa:2:80:10 MINLEN:45
CB4851	ECA243	BGI1	RET3	Andersen	BGI1-RET3-ECA243	Tagmentation	ILLUMINACLIP:NexteraPE-PE.fa:2:80:10 MINLEN:45
CB4851	ECA243	BGI2	RET3	Andersen	BGI2-RET3-ECA243	Tagmentation	ILLUMINACLIP:NexteraPE-PE.fa:2:80:10 MINLEN:45
CB4851	ECA243	BGI3	RET3b	Andersen	BGI3-RET3b-ECA243	Tagmentation	ILLUMINACLIP:NexteraPE-PE.fa:2:80:10 MINLEN:45
CB4851	ECA243	Princeton1	PL_22	Princeton	Princeton1-PL_22-ECA243	Sonication	NA
CB4851	ECA243	Princeton1	PL_23	Princeton	Princeton1-PL_23-ECA243	Sonication	NA
CX11307	CX11307	BGI1	RET5	Andersen	BGI1-RET5-CX11307	Tagmentation	ILLUMINACLIP:NexteraPE-PE.fa:2:80:10 MINLEN:45
CX11307	CX11307	BGI2	RET5	Andersen	BGI2-RET5-CX11307	Tagmentation	ILLUMINACLIP:NexteraPE-PE.fa:2:80:10 MINLEN:45
CX11307	CX11307	BGI3	RET5a	Andersen	BGI3-RET5a-CX11307	Tagmentation	ILLUMINACLIP:NexteraPE-PE.fa:2:80:10 MINLEN:45
CX11264	CX11264	BGI1	RET5	Andersen	BGI1-RET5-CX11264	Tagmentation	ILLUMINACLIP:NexteraPE-PE.fa:2:80:10 MINLEN:45
CX11264	CX11264	BGI2	RET5	Andersen	BGI2-RET5-CX11264	Tagmentation	ILLUMINACLIP:NexteraPE-PE.fa:2:80:10 MINLEN:45
CX11264	CX11264	BGI3	RET5a	Andersen	BGI3-RET5a-CX11264	Tagmentation	ILLUMINACLIP:NexteraPE-PE.fa:2:80:10 MINLEN:45
CX11264	CX11264	Princeton1	PL_15	Princeton	Princeton1-PL_15-CX11264	Sonication	NA
CX11264	CX11264	Princeton1	PL_16	Princeton	Princeton1-PL_16-CX11264	Sonication	NA
ECA36	ECA36	UChicago	EA1	Andersen	UChicago-EA1-ECA36	Tagmentation	ILLUMINACLIP:NexteraPE-PE.fa:2:80:10 MINLEN:45
ECA36	ECA36	UChicago2	L007	Andersen	UChicago2-L007-ECA36	Tagmentation	ILLUMINACLIP:NexteraPE-PE.fa:2:80:10 MINLEN:45
CX11292	CX11292	BGI1	RET4	Andersen	BGI1-RET4-CX11292	Tagmentation	ILLUMINACLIP:NexteraPE-PE.fa:2:80:10 MINLEN:45
CX11292	CX11292	BGI2	RET4	Andersen	BGI2-RET4-CX11292	Tagmentation	ILLUMINACLIP:NexteraPE-PE.fa:2:80:10 MINLEN:45
CX11292	CX11292	BGI3	RET4b	Andersen	BGI3-RET4b-CX11292	Tagmentation	ILLUMINACLIP:NexteraPE-PE.fa:2:80:10 MINLEN:45
CX11292	CX11292	Princeton1	PL_13	Princeton	Princeton1-PL_13-CX11292	Sonication	NA
CX11292	CX11292	Princeton1	PL_14	Princeton	Princeton1-PL_14-CX11292	Sonication	NA
CB4856	CB4856	BGI1	RET1	Andersen	BGI1-RET1-CB4856	Tagmentation	ILLUMINACLIP:NexteraPE-PE.fa:2:80:10 MINLEN:45
CB4856	CB4856	BGI2	RET1	Andersen	BGI2-RET1-CB4856	Tagmentation	ILLUMINACLIP:NexteraPE-PE.fa:2:80:10 MINLEN:45
CB4856	CB4856	BGI3	RET1a	Andersen	BGI3-RET1a-CB4856	Tagmentation	ILLUMINACLIP:NexteraPE-PE.fa:2:80:10 MINLEN:45
CB4856	CB4856	MMP	ML_1	MMP	MMP-ML_1-CB4856	Sonication	NA
CB4856	CB4856	Princeton2	P	Princeton	Princeton2-P-CB4856	Sonication	NA
CB4856	CB4856	Rockman	R999.1	Rockman	Rockman-R999.1-CB4856	Sonication	NA
CB4856	CB4856	UChicago	EA1	Andersen	UChicago-EA1-CB4856	Tagmentation	ILLUMINACLIP:NexteraPE-PE.fa:2:80:10 MINLEN:45
CB4856	CB4856	UChicago2	L007	Andersen	UChicago2-L007-CB4856	Tagmentation	ILLUMINACLIP:NexteraPE-PE.fa:2:80:10 MINLEN:45
DL226	DL226	BGI1	RET2	Andersen	BGI1-RET2-DL226	Tagmentation	ILLUMINACLIP:NexteraPE-PE.fa:2:80:10 MINLEN:45
DL226	DL226	BGI2	RET2	Andersen	BGI2-RET2-DL226	Tagmentation	ILLUMINACLIP:NexteraPE-PE.fa:2:80:10 MINLEN:45
DL226	DL226	BGI3	RET2b	Andersen	BGI3-RET2b-DL226	Tagmentation	ILLUMINACLIP:NexteraPE-PE.fa:2:80:10 MINLEN:45
ECA252	ECA252	BGI1	RET3	Andersen	BGI1-RET3-ECA252	Tagmentation	ILLUMINACLIP:NexteraPE-PE.fa:2:80:10 MINLEN:45
ECA252	ECA252	BGI2	RET3	Andersen	BGI2-RET3-ECA252	Tagmentation	ILLUMINACLIP:NexteraPE-PE.fa:2:80:10 MINLEN:45
ECA252	ECA252	BGI3	RET3b	Andersen	BGI3-RET3b-ECA252	Tagmentation	ILLUMINACLIP:NexteraPE-PE.fa:2:80:10 MINLEN:45
ED3011	ED3011	BGI1	RET3	Andersen	BGI1-RET3-ED3011	Tagmentation	ILLUMINACLIP:NexteraPE-PE.fa:2:80:10 MINLEN:45
ED3011	ED3011	BGI2	RET3	Andersen	BGI2-RET3-ED3011	Tagmentation	ILLUMINACLIP:NexteraPE-PE.fa:2:80:10 MINLEN:45
ED3011	ED3011	BGI3	RET3a	Andersen	BGI3-RET3a-ED3011	Tagmentation	ILLUMINACLIP:NexteraPE-PE.fa:2:80:10 MINLEN:45
CB4853	ECA246	BGI1	RET3	Andersen	BGI1-RET3-ECA246	Tagmentation	ILLUMINACLIP:NexteraPE-PE.fa:2:80:10 MINLEN:45
CB4853	ECA246	BGI2	RET3	Andersen	BGI2-RET3-ECA246	Tagmentation	ILLUMINACLIP:NexteraPE-PE.fa:2:80:10 MINLEN:45
CB4853	ECA245	BGI2	RET6	Andersen	BGI2-RET6-ECA245	Tagmentation	ILLUMINACLIP:NexteraPE-PE.fa:2:80:10 MINLEN:45
CB4853	ECA246	BGI3	RET3a	Andersen	BGI3-RET3a-ECA246	Tagmentation	ILLUMINACLIP:NexteraPE-PE.fa:2:80:10 MINLEN:45
CB4853	ECA245	BGI3	RET6a	Andersen	BGI3-RET6a-ECA245	Tagmentation	ILLUMINACLIP:NexteraPE-PE.fa:2:80:10 MINLEN:45
CB4853	ECA246	MMP	ML_2	MMP	MMP-ML_2-ECA246	Sonication	NA
CB4853	ECA246	MMP	ML_3	MMP	MMP-ML_3-ECA246	Sonication	NA
CB4853	ECA246	MMP	ML_5	MMP	MMP-ML_5-ECA246	Sonication	NA
CB4853	ECA246	MMP	ML_6	MMP	MMP-ML_6-ECA246	Sonication	NA
CB4853	ECA246	MMP	ML_7	MMP	MMP-ML_7-ECA246	Sonication	NA
CB4853	ECA246	Princeton1	PL_13	Princeton	Princeton1-PL_13-ECA246	Sonication	NA
CB4853	ECA246	Princeton1	PL_14	Princeton	Princeton1-PL_14-ECA246	Sonication	NA
ED3012	ED3012	BGI1	RET6	Andersen	BGI1-RET6-ED3012	Tagmentation	ILLUMINACLIP:NexteraPE-PE.fa:2:80:10 MINLEN:45
ED3012	ED3012	BGI2	RET6	Andersen	BGI2-RET6-ED3012	Tagmentation	ILLUMINACLIP:NexteraPE-PE.fa:2:80:10 MINLEN:45
ED3012	ED3012	BGI3	RET6a	Andersen	BGI3-RET6a-ED3012	Tagmentation	ILLUMINACLIP:NexteraPE-PE.fa:2:80:10 MINLEN:45
ED3012	ED3012	Princeton1	PL_17	Princeton	Princeton1-PL_17-ED3012	Sonication	NA
CX11285	CX11285	BGI1	RET2	Andersen	BGI1-RET2-CX11285	Tagmentation	ILLUMINACLIP:NexteraPE-PE.fa:2:80:10 MINLEN:45
CX11285	CX11285	BGI2	RET2	Andersen	BGI2-RET2-CX11285	Tagmentation	ILLUMINACLIP:NexteraPE-PE.fa:2:80:10 MINLEN:45
CX11285	CX11285	BGI3	RET2a	Andersen	BGI3-RET2a-CX11285	Tagmentation	ILLUMINACLIP:NexteraPE-PE.fa:2:80:10 MINLEN:45
CX11285	CX11285	Princeton1	PL_10	Princeton	Princeton1-PL_10-CX11285	Sonication	NA
CX11285	CX11285	Princeton1	PL_11	Princeton	Princeton1-PL_11-CX11285	Sonication	NA
ED3005	ED3005	BGI1	RET5	Andersen	BGI1-RET5-ED3005	Tagmentation	ILLUMINACLIP:NexteraPE-PE.fa:2:80:10 MINLEN:45
ED3005	ED3005	BGI2	RET5	Andersen	BGI2-RET5-ED3005	Tagmentation	ILLUMINACLIP:NexteraPE-PE.fa:2:80:10 MINLEN:45
ED3005	ED3005	BGI3	RET5a	Andersen	BGI3-RET5a-ED3005	Tagmentation	ILLUMINACLIP:NexteraPE-PE.fa:2:80:10 MINLEN:45
ED3005	ED3021	MMP	ML_2	MMP	MMP-ML_2-ED3021	Sonication	NA
ED3005	ED3021	MMP	ML_3	MMP	MMP-ML_3-ED3021	Sonication	NA
ED3005	ED3021	MMP	ML_5	MMP	MMP-ML_5-ED3021	Sonication	NA
ED3005	ED3021	MMP	ML_6	MMP	MMP-ML_6-ED3021	Sonication	NA
ED3005	ED3021	MMP	ML_7	MMP	MMP-ML_7-ED3021	Sonication	NA
ED3048	ED3048	BGI1	RET4	Andersen	BGI1-RET4-ED3048	Tagmentation	ILLUMINACLIP:NexteraPE-PE.fa:2:80:10 MINLEN:45
ED3048	ED3048	BGI2	RET4	Andersen	BGI2-RET4-ED3048	Tagmentation	ILLUMINACLIP:NexteraPE-PE.fa:2:80:10 MINLEN:45
ED3048	ED3048	BGI3	RET4a	Andersen	BGI3-RET4a-ED3048	Tagmentation	ILLUMINACLIP:NexteraPE-PE.fa:2:80:10 MINLEN:45
ED3048	ED3042	MMP	ML_2	MMP	MMP-ML_2-ED3042	Sonication	NA
ED3048	ED3042	MMP	ML_3	MMP	MMP-ML_3-ED3042	Sonication	NA
ED3048	ED3042	MMP	ML_5	MMP	MMP-ML_5-ED3042	Sonication	NA
ED3048	ED3042	MMP	ML_6	MMP	MMP-ML_6-ED3042	Sonication	NA
ED3048	ED3042	MMP	ML_7	MMP	MMP-ML_7-ED3042	Sonication	NA
EG4349	EG4349	BGI2	RET6	Andersen	BGI2-RET6-EG4349	Tagmentation	ILLUMINACLIP:NexteraPE-PE.fa:2:80:10 MINLEN:45
EG4349	EG4349	BGI3	RET6a	Andersen	BGI3-RET6a-EG4349	Tagmentation	ILLUMINACLIP:NexteraPE-PE.fa:2:80:10 MINLEN:45
EG4349	EG4348	Rockman	R096.2	Rockman	Rockman-R096.2-EG4348	Sonication	NA
EG4347	EG4347	BGI1	RET3	Andersen	BGI1-RET3-EG4347	Tagmentation	ILLUMINACLIP:NexteraPE-PE.fa:2:80:10 MINLEN:45
EG4347	EG4347	BGI2	RET3	Andersen	BGI2-RET3-EG4347	Tagmentation	ILLUMINACLIP:NexteraPE-PE.fa:2:80:10 MINLEN:45
EG4347	EG4347	BGI3	RET3a	Andersen	BGI3-RET3a-EG4347	Tagmentation	ILLUMINACLIP:NexteraPE-PE.fa:2:80:10 MINLEN:45
EG4347	EG4347	Rockman	R096.4	Rockman	Rockman-R096.4-EG4347	Sonication	NA
ED3052	ED3052	BGI1	RET5	Andersen	BGI1-RET5-ED3052	Tagmentation	ILLUMINACLIP:NexteraPE-PE.fa:2:80:10 MINLEN:45
ED3052	ED3052	BGI2	RET5	Andersen	BGI2-RET5-ED3052	Tagmentation	ILLUMINACLIP:NexteraPE-PE.fa:2:80:10 MINLEN:45
ED3052	ED3052	BGI3	RET5b	Andersen	BGI3-RET5b-ED3052	Tagmentation	ILLUMINACLIP:NexteraPE-PE.fa:2:80:10 MINLEN:45
ED3052	ED3052	MMP	ML_2	MMP	MMP-ML_2-ED3052	Sonication	NA
ED3052	ED3052	MMP	ML_3	MMP	MMP-ML_3-ED3052	Sonication	NA
ED3052	ED3052	MMP	ML_5	MMP	MMP-ML_5-ED3052	Sonication	NA
ED3052	ED3052	MMP	ML_6	MMP	MMP-ML_6-ED3052	Sonication	NA
ED3052	ED3052	MMP	ML_7	MMP	MMP-ML_7-ED3052	Sonication	NA
EG4725	EG4725	BGI1	RET2	Andersen	BGI1-RET2-EG4725	Tagmentation	ILLUMINACLIP:NexteraPE-PE.fa:2:80:10 MINLEN:45
EG4725	EG4725	BGI2	RET2	Andersen	BGI2-RET2-EG4725	Tagmentation	ILLUMINACLIP:NexteraPE-PE.fa:2:80:10 MINLEN:45
EG4725	EG4725	BGI3	RET2a	Andersen	BGI3-RET2a-EG4725	Tagmentation	ILLUMINACLIP:NexteraPE-PE.fa:2:80:10 MINLEN:45
EG4725	EG4725	Princeton1	PL_20	Princeton	Princeton1-PL_20-EG4725	Sonication	NA
EG4725	EG4725	UChicago	EA1	Andersen	UChicago-EA1-EG4725	Tagmentation	ILLUMINACLIP:NexteraPE-PE.fa:2:80:10 MINLEN:45
EG4725	EG4725	UChicago2	L007	Andersen	UChicago2-L007-EG4725	Tagmentation	ILLUMINACLIP:NexteraPE-PE.fa:2:80:10 MINLEN:45
DL238	DL238	BGI1	RET1	Andersen	BGI1-RET1-DL238	Tagmentation	ILLUMINACLIP:NexteraPE-PE.fa:2:80:10 MINLEN:45
DL238	DL238	BGI2	RET1	Andersen	BGI2-RET1-DL238	Tagmentation	ILLUMINACLIP:NexteraPE-PE.fa:2:80:10 MINLEN:45
DL238	DL238	BGI3	RET1a	Andersen	BGI3-RET1a-DL238	Tagmentation	ILLUMINACLIP:NexteraPE-PE.fa:2:80:10 MINLEN:45
DL238	DL238	Princeton1	PL_12	Princeton	Princeton1-PL_12-DL238	Sonication	NA
DL238	DL238	Princeton1	PL_21	Princeton	Princeton1-PL_21-DL238	Sonication	NA
DL238	DL238	Princeton2	P	Princeton	Princeton2-P-DL238	Sonication	NA
ED3046	ED3046	BGI1	RET2	Andersen	BGI1-RET2-ED3046	Tagmentation	ILLUMINACLIP:NexteraPE-PE.fa:2:80:10 MINLEN:45
ED3046	ED3046	BGI2	RET2	Andersen	BGI2-RET2-ED3046	Tagmentation	ILLUMINACLIP:NexteraPE-PE.fa:2:80:10 MINLEN:45
ED3046	ED3046	BGI3	RET2b	Andersen	BGI3-RET2b-ED3046	Tagmentation	ILLUMINACLIP:NexteraPE-PE.fa:2:80:10 MINLEN:45
ED3046	ED3046	Princeton1	PL_13	Princeton	Princeton1-PL_13-ED3046	Sonication	NA
ED3046	ED3046	Princeton1	PL_14	Princeton	Princeton1-PL_14-ED3046	Sonication	NA
CB4858	AB4	BGI1	RET2	Andersen	BGI1-RET2-AB4	Tagmentation	ILLUMINACLIP:NexteraPE-PE.fa:2:80:10 MINLEN:45
CB4858	ECA251	BGI1	RET4	Andersen	BGI1-RET4-ECA251	Tagmentation	ILLUMINACLIP:NexteraPE-PE.fa:2:80:10 MINLEN:45
CB4858	AB4	BGI2	RET2	Andersen	BGI2-RET2-AB4	Tagmentation	ILLUMINACLIP:NexteraPE-PE.fa:2:80:10 MINLEN:45
CB4858	ECA251	BGI2	RET4	Andersen	BGI2-RET4-ECA251	Tagmentation	ILLUMINACLIP:NexteraPE-PE.fa:2:80:10 MINLEN:45
CB4858	AB4	BGI3	RET2a	Andersen	BGI3-RET2a-AB4	Tagmentation	ILLUMINACLIP:NexteraPE-PE.fa:2:80:10 MINLEN:45
CB4858	ECA251	BGI3	RET4b	Andersen	BGI3-RET4b-ECA251	Tagmentation	ILLUMINACLIP:NexteraPE-PE.fa:2:80:10 MINLEN:45
CB4858	AB3	MMP	ML_2	MMP	MMP-ML_2-AB3	Sonication	NA
CB4858	AB3	MMP	ML_3	MMP	MMP-ML_3-AB3	Sonication	NA
CB4858	AB3	MMP	ML_5	MMP	MMP-ML_5-AB3	Sonication	NA
CB4858	AB3	MMP	ML_6	MMP	MMP-ML_6-AB3	Sonication	NA
CB4858	AB3	MMP	ML_7	MMP	MMP-ML_7-AB3	Sonication	NA
CB4858	AB4	Princeton1	PL_10	Princeton	Princeton1-PL_10-AB4	Sonication	NA
CB4858	AB4	Princeton1	PL_11	Princeton	Princeton1-PL_11-AB4	Sonication	NA
CB4858	AB4	Princeton1	PL_12	Princeton	Princeton1-PL_12-AB4	Sonication	NA
CB4858	AB2	Rockman	R999.1	Rockman	Rockman-R999.1-AB2	Sonication	NA
ED3077	ED3077	BGI1	RET7	Andersen	BGI1-RET7-ED3077	Tagmentation	ILLUMINACLIP:NexteraPE-PE.fa:2:80:10 MINLEN:45
ED3077	ED3077	BGI2	RET7	Andersen	BGI2-RET7-ED3077	Tagmentation	ILLUMINACLIP:NexteraPE-PE.fa:2:80:10 MINLEN:45
ED3077	ED3077	BGI3	RET7a	Andersen	BGI3-RET7a-ED3077	Tagmentation	ILLUMINACLIP:NexteraPE-PE.fa:2:80:10 MINLEN:45
ED3077	ED3077	Princeton1	PL_23	Princeton	Princeton1-PL_23-ED3077	Sonication	NA
ED3040	ED3040	BGI1	RET7	Andersen	BGI1-RET7-ED3040	Tagmentation	ILLUMINACLIP:NexteraPE-PE.fa:2:80:10 MINLEN:45
ED3040	ED3040	BGI2	RET7	Andersen	BGI2-RET7-ED3040	Tagmentation	ILLUMINACLIP:NexteraPE-PE.fa:2:80:10 MINLEN:45
ED3040	ED3040	BGI3	RET7a	Andersen	BGI3-RET7a-ED3040	Tagmentation	ILLUMINACLIP:NexteraPE-PE.fa:2:80:10 MINLEN:45
ED3040	ED3040	MMP	ML_2	MMP	MMP-ML_2-ED3040	Sonication	NA
ED3040	ED3040	MMP	ML_3	MMP	MMP-ML_3-ED3040	Sonication	NA
ED3040	ED3040	MMP	ML_5	MMP	MMP-ML_5-ED3040	Sonication	NA
ED3040	ED3040	MMP	ML_6	MMP	MMP-ML_6-ED3040	Sonication	NA
ED3040	ED3040	MMP	ML_7	MMP	MMP-ML_7-ED3040	Sonication	NA
ED3040	ED3040	Princeton1	PL_10	Princeton	Princeton1-PL_10-ED3040	Sonication	NA
ED3040	ED3040	Princeton1	PL_11	Princeton	Princeton1-PL_11-ED3040	Sonication	NA
ED3017	ED3017	BGI1	RET2	Andersen	BGI1-RET2-ED3017	Tagmentation	ILLUMINACLIP:NexteraPE-PE.fa:2:80:10 MINLEN:45
ED3017	ED3017	BGI2	RET2	Andersen	BGI2-RET2-ED3017	Tagmentation	ILLUMINACLIP:NexteraPE-PE.fa:2:80:10 MINLEN:45
ED3017	ED3017	BGI3	RET2a	Andersen	BGI3-RET2a-ED3017	Tagmentation	ILLUMINACLIP:NexteraPE-PE.fa:2:80:10 MINLEN:45
ED3017	ED3017	MMP	ML_2	MMP	MMP-ML_2-ED3017	Sonication	NA
ED3017	ED3017	MMP	ML_3	MMP	MMP-ML_3-ED3017	Sonication	NA
ED3017	ED3017	MMP	ML_5	MMP	MMP-ML_5-ED3017	Sonication	NA
ED3017	ED3017	MMP	ML_6	MMP	MMP-ML_6-ED3017	Sonication	NA
ED3017	ED3017	MMP	ML_7	MMP	MMP-ML_7-ED3017	Sonication	NA
ED3017	ED3017	Princeton1	PL_23	Princeton	Princeton1-PL_23-ED3017	Sonication	NA
ED3017	ED3017	UChicago2	L007	Andersen	UChicago2-L007-ED3017	Tagmentation	ILLUMINACLIP:NexteraPE-PE.fa:2:80:10 MINLEN:45
JU1212	JU1212	BGI1	RET6	Andersen	BGI1-RET6-JU1212	Tagmentation	ILLUMINACLIP:NexteraPE-PE.fa:2:80:10 MINLEN:45
JU1212	JU1212	BGI2	RET6	Andersen	BGI2-RET6-JU1212	Tagmentation	ILLUMINACLIP:NexteraPE-PE.fa:2:80:10 MINLEN:45
JU1212	JU1212	BGI3	RET6a	Andersen	BGI3-RET6a-JU1212	Tagmentation	ILLUMINACLIP:NexteraPE-PE.fa:2:80:10 MINLEN:45
JT11398	JT11398	BGI1	RET2	Andersen	BGI1-RET2-JT11398	Tagmentation	ILLUMINACLIP:NexteraPE-PE.fa:2:80:10 MINLEN:45
JT11398	JT11398	BGI2	RET2	Andersen	BGI2-RET2-JT11398	Tagmentation	ILLUMINACLIP:NexteraPE-PE.fa:2:80:10 MINLEN:45
JT11398	JT11398	BGI3	RET2a	Andersen	BGI3-RET2a-JT11398	Tagmentation	ILLUMINACLIP:NexteraPE-PE.fa:2:80:10 MINLEN:45
JT11398	JT11398	UChicago	EA2	Andersen	UChicago-EA2-JT11398	Tagmentation	ILLUMINACLIP:NexteraPE-PE.fa:2:80:10 MINLEN:45
JT11398	JT11398	UChicago2	L008	Andersen	UChicago2-L008-JT11398	Tagmentation	ILLUMINACLIP:NexteraPE-PE.fa:2:80:10 MINLEN:45
JU1172	JU1172	BGI1	RET4	Andersen	BGI1-RET4-JU1172	Tagmentation	ILLUMINACLIP:NexteraPE-PE.fa:2:80:10 MINLEN:45
JU1172	JU1172	BGI2	RET4	Andersen	BGI2-RET4-JU1172	Tagmentation	ILLUMINACLIP:NexteraPE-PE.fa:2:80:10 MINLEN:45
JU1172	JU1172	BGI3	RET4b	Andersen	BGI3-RET4b-JU1172	Tagmentation	ILLUMINACLIP:NexteraPE-PE.fa:2:80:10 MINLEN:45
ED3049	ED3049	BGI1	RET1	Andersen	BGI1-RET1-ED3049	Tagmentation	ILLUMINACLIP:NexteraPE-PE.fa:2:80:10 MINLEN:45
ED3049	ED3049	BGI2	RET1	Andersen	BGI2-RET1-ED3049	Tagmentation	ILLUMINACLIP:NexteraPE-PE.fa:2:80:10 MINLEN:45
ED3049	ED3049	BGI3	RET1b	Andersen	BGI3-RET1b-ED3049	Tagmentation	ILLUMINACLIP:NexteraPE-PE.fa:2:80:10 MINLEN:45
ED3049	ED3049	MMP	ML_2	MMP	MMP-ML_2-ED3049	Sonication	NA
ED3049	ED3049	MMP	ML_3	MMP	MMP-ML_3-ED3049	Sonication	NA
ED3049	ED3049	MMP	ML_5	MMP	MMP-ML_5-ED3049	Sonication	NA
ED3049	ED3049	MMP	ML_6	MMP	MMP-ML_6-ED3049	Sonication	NA
ED3049	ED3049	MMP	ML_7	MMP	MMP-ML_7-ED3049	Sonication	NA
ED3049	ED3049	Princeton1	PL_15	Princeton	Princeton1-PL_15-ED3049	Sonication	NA
ED3049	ED3049	Princeton1	PL_16	Princeton	Princeton1-PL_16-ED3049	Sonication	NA
CB4852	CB4852	BGI1	RET1	Andersen	BGI1-RET1-CB4852	Tagmentation	ILLUMINACLIP:NexteraPE-PE.fa:2:80:10 MINLEN:45
CB4852	CB4852	BGI1	RET4	Andersen	BGI1-RET4-CB4852	Tagmentation	ILLUMINACLIP:NexteraPE-PE.fa:2:80:10 MINLEN:45
CB4852	CB4852	BGI2	RET1	Andersen	BGI2-RET1-CB4852	Tagmentation	ILLUMINACLIP:NexteraPE-PE.fa:2:80:10 MINLEN:45
CB4852	CB4852	BGI2	RET4	Andersen	BGI2-RET4-CB4852	Tagmentation	ILLUMINACLIP:NexteraPE-PE.fa:2:80:10 MINLEN:45
CB4852	CB4852	BGI3	RET1b	Andersen	BGI3-RET1b-CB4852	Tagmentation	ILLUMINACLIP:NexteraPE-PE.fa:2:80:10 MINLEN:45
CB4852	CB4852	Princeton1	PL_10	Princeton	Princeton1-PL_10-CB4852	Sonication	NA
CB4852	CB4852	Princeton1	PL_11	Princeton	Princeton1-PL_11-CB4852	Sonication	NA
CB4852	CB4852	Rockman	R096.2	Rockman	Rockman-R096.2-CB4852	Sonication	NA
JU1395	JU1395	BGI2	RET6	Andersen	BGI2-RET6-JU1395	Tagmentation	ILLUMINACLIP:NexteraPE-PE.fa:2:80:10 MINLEN:45
JU1395	JU1395	BGI3	RET6a	Andersen	BGI3-RET6a-JU1395	Tagmentation	ILLUMINACLIP:NexteraPE-PE.fa:2:80:10 MINLEN:45
EG4724	EG4724	BGI1	RET5	Andersen	BGI1-RET5-EG4724	Tagmentation	ILLUMINACLIP:NexteraPE-PE.fa:2:80:10 MINLEN:45
EG4724	EG4724	BGI2	RET5	Andersen	BGI2-RET5-EG4724	Tagmentation	ILLUMINACLIP:NexteraPE-PE.fa:2:80:10 MINLEN:45
EG4724	EG4724	BGI3	RET5a	Andersen	BGI3-RET5a-EG4724	Tagmentation	ILLUMINACLIP:NexteraPE-PE.fa:2:80:10 MINLEN:45
EG4724	EG4724	Princeton1	PL_17	Princeton	Princeton1-PL_17-EG4724	Sonication	NA
EG4724	EG4724	Princeton1	PL_20	Princeton	Princeton1-PL_20-EG4724	Sonication	NA
EG4724	EG4724	Princeton1	PL_24	Princeton	Princeton1-PL_24-EG4724	Sonication	NA
JU1213	JU1213	BGI1	RET5	Andersen	BGI1-RET5-JU1213	Tagmentation	ILLUMINACLIP:NexteraPE-PE.fa:2:80:10 MINLEN:45
JU1213	JU1213	BGI2	RET5	Andersen	BGI2-RET5-JU1213	Tagmentation	ILLUMINACLIP:NexteraPE-PE.fa:2:80:10 MINLEN:45
JU1213	JU1213	BGI3	RET5a	Andersen	BGI3-RET5a-JU1213	Tagmentation	ILLUMINACLIP:NexteraPE-PE.fa:2:80:10 MINLEN:45
JU1213	JU533	MMP	ML_2	MMP	MMP-ML_2-JU533	Sonication	NA
JU1213	JU533	MMP	ML_3	MMP	MMP-ML_3-JU533	Sonication	NA
JU1213	JU533	MMP	ML_5	MMP	MMP-ML_5-JU533	Sonication	NA
JU1213	JU533	MMP	ML_6	MMP	MMP-ML_6-JU533	Sonication	NA
JU1213	JU533	MMP	ML_7	MMP	MMP-ML_7-JU533	Sonication	NA
GXW1	GXW1	BGI1	RET6	Andersen	BGI1-RET6-GXW1	Tagmentation	ILLUMINACLIP:NexteraPE-PE.fa:2:80:10 MINLEN:45
GXW1	GXW1	BGI2	RET6	Andersen	BGI2-RET6-GXW1	Tagmentation	ILLUMINACLIP:NexteraPE-PE.fa:2:80:10 MINLEN:45
GXW1	GXW1	BGI3	RET6b	Andersen	BGI3-RET6b-GXW1	Tagmentation	ILLUMINACLIP:NexteraPE-PE.fa:2:80:10 MINLEN:45
GXW1	GXW1	MMP	ML_2	MMP	MMP-ML_2-GXW1	Sonication	NA
GXW1	GXW1	MMP	ML_3	MMP	MMP-ML_3-GXW1	Sonication	NA
GXW1	GXW1	MMP	ML_5	MMP	MMP-ML_5-GXW1	Sonication	NA
GXW1	GXW1	MMP	ML_6	MMP	MMP-ML_6-GXW1	Sonication	NA
GXW1	GXW1	MMP	ML_7	MMP	MMP-ML_7-GXW1	Sonication	NA
GXW1	GXW1	Princeton1	PL_3	Princeton	Princeton1-PL_3-GXW1	Sonication	NA
GXW1	GXW1	Princeton1	PL_4	Princeton	Princeton1-PL_4-GXW1	Sonication	NA
JU1088	JU1088	BGI1	RET3	Andersen	BGI1-RET3-JU1088	Tagmentation	ILLUMINACLIP:NexteraPE-PE.fa:2:80:10 MINLEN:45
JU1088	JU1088	BGI2	RET3	Andersen	BGI2-RET3-JU1088	Tagmentation	ILLUMINACLIP:NexteraPE-PE.fa:2:80:10 MINLEN:45
JU1088	JU1088	BGI3	RET3b	Andersen	BGI3-RET3b-JU1088	Tagmentation	ILLUMINACLIP:NexteraPE-PE.fa:2:80:10 MINLEN:45
JU1088	JU1088	MMP	ML_2	MMP	MMP-ML_2-JU1088	Sonication	NA
JU1088	JU1088	MMP	ML_3	MMP	MMP-ML_3-JU1088	Sonication	NA
JU1088	JU1088	MMP	ML_5	MMP	MMP-ML_5-JU1088	Sonication	NA
JU1088	JU1088	MMP	ML_6	MMP	MMP-ML_6-JU1088	Sonication	NA
JU1088	JU1088	MMP	ML_7	MMP	MMP-ML_7-JU1088	Sonication	NA
JU1088	JU1088	Rockman	R096.4	Rockman	Rockman-R096.4-JU1088	Sonication	NA
ED3073	ED3073	BGI1	RET4	Andersen	BGI1-RET4-ED3073	Tagmentation	ILLUMINACLIP:NexteraPE-PE.fa:2:80:10 MINLEN:45
ED3073	ED3073	BGI2	RET4	Andersen	BGI2-RET4-ED3073	Tagmentation	ILLUMINACLIP:NexteraPE-PE.fa:2:80:10 MINLEN:45
ED3073	ED3073	BGI3	RET4a	Andersen	BGI3-RET4a-ED3073	Tagmentation	ILLUMINACLIP:NexteraPE-PE.fa:2:80:10 MINLEN:45
ED3073	ED3057	MMP	ML_2	MMP	MMP-ML_2-ED3057	Sonication	NA
ED3073	ED3072	MMP	ML_2	MMP	MMP-ML_2-ED3072	Sonication	NA
ED3073	ED3057	MMP	ML_3	MMP	MMP-ML_3-ED3057	Sonication	NA
ED3073	ED3072	MMP	ML_3	MMP	MMP-ML_3-ED3072	Sonication	NA
ED3073	ED3057	MMP	ML_5	MMP	MMP-ML_5-ED3057	Sonication	NA
ED3073	ED3072	MMP	ML_5	MMP	MMP-ML_5-ED3072	Sonication	NA
ED3073	ED3057	MMP	ML_6	MMP	MMP-ML_6-ED3057	Sonication	NA
ED3073	ED3072	MMP	ML_6	MMP	MMP-ML_6-ED3072	Sonication	NA
ED3073	ED3057	MMP	ML_7	MMP	MMP-ML_7-ED3057	Sonication	NA
ED3073	ED3072	MMP	ML_7	MMP	MMP-ML_7-ED3072	Sonication	NA
ED3073	ED3073	Princeton1	PL_17	Princeton	Princeton1-PL_17-ED3073	Sonication	NA
EG4946	EG4946	BGI1	RET7	Andersen	BGI1-RET7-EG4946	Tagmentation	ILLUMINACLIP:NexteraPE-PE.fa:2:80:10 MINLEN:45
EG4946	EG4946	BGI2	RET7	Andersen	BGI2-RET7-EG4946	Tagmentation	ILLUMINACLIP:NexteraPE-PE.fa:2:80:10 MINLEN:45
EG4946	EG4946	BGI3	RET7a	Andersen	BGI3-RET7a-EG4946	Tagmentation	ILLUMINACLIP:NexteraPE-PE.fa:2:80:10 MINLEN:45
EG4946	EG4946	Princeton1	PL_10	Princeton	Princeton1-PL_10-EG4946	Sonication	NA
EG4946	EG4946	Princeton1	PL_11	Princeton	Princeton1-PL_11-EG4946	Sonication	NA
JU1246	JU1246	BGI1	RET3	Andersen	BGI1-RET3-JU1246	Tagmentation	ILLUMINACLIP:NexteraPE-PE.fa:2:80:10 MINLEN:45
JU1246	JU1246	BGI2	RET3	Andersen	BGI2-RET3-JU1246	Tagmentation	ILLUMINACLIP:NexteraPE-PE.fa:2:80:10 MINLEN:45
JU1246	JU1246	BGI3	RET3b	Andersen	BGI3-RET3b-JU1246	Tagmentation	ILLUMINACLIP:NexteraPE-PE.fa:2:80:10 MINLEN:45
JU1242	JU1242	BGI1	RET4	Andersen	BGI1-RET4-JU1242	Tagmentation	ILLUMINACLIP:NexteraPE-PE.fa:2:80:10 MINLEN:45
JU1242	JU1242	BGI2	RET4	Andersen	BGI2-RET4-JU1242	Tagmentation	ILLUMINACLIP:NexteraPE-PE.fa:2:80:10 MINLEN:45
JU1242	JU1242	BGI3	RET4b	Andersen	BGI3-RET4b-JU1242	Tagmentation	ILLUMINACLIP:NexteraPE-PE.fa:2:80:10 MINLEN:45
JU1440	JU1440	BGI2	RET6	Andersen	BGI2-RET6-JU1440	Tagmentation	ILLUMINACLIP:NexteraPE-PE.fa:2:80:10 MINLEN:45
JU1440	JU1440	BGI3	RET6a	Andersen	BGI3-RET6a-JU1440	Tagmentation	ILLUMINACLIP:NexteraPE-PE.fa:2:80:10 MINLEN:45
JU1440	JU1440	UChicago	EA1	Andersen	UChicago-EA1-JU1440	Tagmentation	ILLUMINACLIP:NexteraPE-PE.fa:2:80:10 MINLEN:45
JU1440	JU1440	UChicago2	L007	Andersen	UChicago2-L007-JU1440	Tagmentation	ILLUMINACLIP:NexteraPE-PE.fa:2:80:10 MINLEN:45
JU2316	JU2316	UChicago	EA1	Andersen	UChicago-EA1-JU2316	Tagmentation	ILLUMINACLIP:NexteraPE-PE.fa:2:80:10 MINLEN:45
JU2316	JU2316	UChicago2	L007	Andersen	UChicago2-L007-JU2316	Tagmentation	ILLUMINACLIP:NexteraPE-PE.fa:2:80:10 MINLEN:45
JU1568	JU1568	BGI1	RET5	Andersen	BGI1-RET5-JU1568	Tagmentation	ILLUMINACLIP:NexteraPE-PE.fa:2:80:10 MINLEN:45
JU1568	JU1568	BGI2	RET5	Andersen	BGI2-RET5-JU1568	Tagmentation	ILLUMINACLIP:NexteraPE-PE.fa:2:80:10 MINLEN:45
JU1568	JU1568	BGI3	RET5a	Andersen	BGI3-RET5a-JU1568	Tagmentation	ILLUMINACLIP:NexteraPE-PE.fa:2:80:10 MINLEN:45
JU2466	JU2466	UChicago	EA1	Andersen	UChicago-EA1-JU2466	Tagmentation	ILLUMINACLIP:NexteraPE-PE.fa:2:80:10 MINLEN:45
JU2466	JU2466	UChicago2	L007	Andersen	UChicago2-L007-JU2466	Tagmentation	ILLUMINACLIP:NexteraPE-PE.fa:2:80:10 MINLEN:45
JU2001	JU2001	BGI2	RET6	Andersen	BGI2-RET6-JU2001	Tagmentation	ILLUMINACLIP:NexteraPE-PE.fa:2:80:10 MINLEN:45
JU2001	JU2001	BGI3	RET6b	Andersen	BGI3-RET6b-JU2001	Tagmentation	ILLUMINACLIP:NexteraPE-PE.fa:2:80:10 MINLEN:45
JU2001	JU2001	Princeton1	PL_3	Princeton	Princeton1-PL_3-JU2001	Sonication	NA
JU2001	JU2001	Princeton1	PL_4	Princeton	Princeton1-PL_4-JU2001	Sonication	NA
JU1652	JU1652	BGI1	RET7	Andersen	BGI1-RET7-JU1652	Tagmentation	ILLUMINACLIP:NexteraPE-PE.fa:2:80:10 MINLEN:45
JU1652	JU1652	BGI2	RET7	Andersen	BGI2-RET7-JU1652	Tagmentation	ILLUMINACLIP:NexteraPE-PE.fa:2:80:10 MINLEN:45
JU1652	JU1652	BGI3	RET7b	Andersen	BGI3-RET7b-JU1652	Tagmentation	ILLUMINACLIP:NexteraPE-PE.fa:2:80:10 MINLEN:45
JU1652	JU1652	MMP	ML_2	MMP	MMP-ML_2-JU1652	Sonication	NA
JU1652	JU1652	MMP	ML_3	MMP	MMP-ML_3-JU1652	Sonication	NA
JU1652	JU1652	MMP	ML_5	MMP	MMP-ML_5-JU1652	Sonication	NA
JU1652	JU1652	MMP	ML_6	MMP	MMP-ML_6-JU1652	Sonication	NA
JU1652	JU1652	MMP	ML_7	MMP	MMP-ML_7-JU1652	Sonication	NA
JU2513	JU2513	UChicago	EA2	Andersen	UChicago-EA2-JU2513	Tagmentation	ILLUMINACLIP:NexteraPE-PE.fa:2:80:10 MINLEN:45
JU2513	JU2513	UChicago2	L008	Andersen	UChicago2-L008-JU2513	Tagmentation	ILLUMINACLIP:NexteraPE-PE.fa:2:80:10 MINLEN:45
JU1530	JU1530	BGI1	RET7	Andersen	BGI1-RET7-JU1530	Tagmentation	ILLUMINACLIP:NexteraPE-PE.fa:2:80:10 MINLEN:45
JU1530	JU1530	BGI2	RET7	Andersen	BGI2-RET7-JU1530	Tagmentation	ILLUMINACLIP:NexteraPE-PE.fa:2:80:10 MINLEN:45
JU1530	JU1530	BGI3	RET7b	Andersen	BGI3-RET7b-JU1530	Tagmentation	ILLUMINACLIP:NexteraPE-PE.fa:2:80:10 MINLEN:45
JU1530	JU1530	Princeton1	PL_15	Princeton	Princeton1-PL_15-JU1530	Sonication	NA
JU1530	JU1530	Princeton1	PL_16	Princeton	Princeton1-PL_16-JU1530	Sonication	NA
JU2519	JU2519	UChicago	EA2	Andersen	UChicago-EA2-JU2519	Tagmentation	ILLUMINACLIP:NexteraPE-PE.fa:2:80:10 MINLEN:45
JU2519	JU2519	UChicago2	L008	Andersen	UChicago2-L008-JU2519	Tagmentation	ILLUMINACLIP:NexteraPE-PE.fa:2:80:10 MINLEN:45
JU1896	JU1896	BGI1	RET4	Andersen	BGI1-RET4-JU1896	Tagmentation	ILLUMINACLIP:NexteraPE-PE.fa:2:80:10 MINLEN:45
JU1896	JU1896	BGI2	RET4	Andersen	BGI2-RET4-JU1896	Tagmentation	ILLUMINACLIP:NexteraPE-PE.fa:2:80:10 MINLEN:45
JU1896	JU1896	BGI3	RET4a	Andersen	BGI3-RET4a-JU1896	Tagmentation	ILLUMINACLIP:NexteraPE-PE.fa:2:80:10 MINLEN:45
JU1896	JU1896	Princeton1	PL_12	Princeton	Princeton1-PL_12-JU1896	Sonication	NA
JU1409	JU1409	BGI1	RET5	Andersen	BGI1-RET5-JU1409	Tagmentation	ILLUMINACLIP:NexteraPE-PE.fa:2:80:10 MINLEN:45
JU1409	JU1409	BGI2	RET5	Andersen	BGI2-RET5-JU1409	Tagmentation	ILLUMINACLIP:NexteraPE-PE.fa:2:80:10 MINLEN:45
JU1409	JU1409	BGI3	RET5a	Andersen	BGI3-RET5a-JU1409	Tagmentation	ILLUMINACLIP:NexteraPE-PE.fa:2:80:10 MINLEN:45
JU1409	JU1401	MMP	ML_2	MMP	MMP-ML_2-JU1401	Sonication	NA
JU1409	JU1401	MMP	ML_3	MMP	MMP-ML_3-JU1401	Sonication	NA
JU1409	JU1401	MMP	ML_5	MMP	MMP-ML_5-JU1401	Sonication	NA
JU1409	JU1401	MMP	ML_6	MMP	MMP-ML_6-JU1401	Sonication	NA
JU1409	JU1401	MMP	ML_7	MMP	MMP-ML_7-JU1401	Sonication	NA
JU1409	JU1409	Princeton1	PL_2	Princeton	Princeton1-PL_2-JU1409	Sonication	NA
JU1409	JU1409	Princeton1	PL_22	Princeton	Princeton1-PL_22-JU1409	Sonication	NA
JU1200	JU1200	BGI1	RET2	Andersen	BGI1-RET2-JU1200	Tagmentation	ILLUMINACLIP:NexteraPE-PE.fa:2:80:10 MINLEN:45
JU1200	JU1200	BGI2	RET2	Andersen	BGI2-RET2-JU1200	Tagmentation	ILLUMINACLIP:NexteraPE-PE.fa:2:80:10 MINLEN:45
JU1200	JU1200	BGI3	RET2a	Andersen	BGI3-RET2a-JU1200	Tagmentation	ILLUMINACLIP:NexteraPE-PE.fa:2:80:10 MINLEN:45
JU1200	JU1200	Princeton1	PL_17	Princeton	Princeton1-PL_17-JU1200	Sonication	NA
JU1200	JU1200	Princeton1	PL_21	Princeton	Princeton1-PL_21-JU1200	Sonication	NA
JU1200	JU1200	Princeton1	PL_24	Princeton	Princeton1-PL_24-JU1200	Sonication	NA
JU2522	JU2522	UChicago	EA2	Andersen	UChicago-EA2-JU2522	Tagmentation	ILLUMINACLIP:NexteraPE-PE.fa:2:80:10 MINLEN:45
JU2522	JU2522	UChicago2	L008	Andersen	UChicago2-L008-JU2522	Tagmentation	ILLUMINACLIP:NexteraPE-PE.fa:2:80:10 MINLEN:45
JU2526	JU2526	UChicago	EA2	Andersen	UChicago-EA2-JU2526	Tagmentation	ILLUMINACLIP:NexteraPE-PE.fa:2:80:10 MINLEN:45
JU2526	JU2526	UChicago2	L008	Andersen	UChicago2-L008-JU2526	Tagmentation	ILLUMINACLIP:NexteraPE-PE.fa:2:80:10 MINLEN:45
JU1400	JU1400	BGI1	RET4	Andersen	BGI1-RET4-JU1400	Tagmentation	ILLUMINACLIP:NexteraPE-PE.fa:2:80:10 MINLEN:45
JU1400	JU1400	BGI2	RET4	Andersen	BGI2-RET4-JU1400	Tagmentation	ILLUMINACLIP:NexteraPE-PE.fa:2:80:10 MINLEN:45
JU1400	JU1400	BGI3	RET4a	Andersen	BGI3-RET4a-JU1400	Tagmentation	ILLUMINACLIP:NexteraPE-PE.fa:2:80:10 MINLEN:45
JU1400	JU1400	MMP	ML_2	MMP	MMP-ML_2-JU1400	Sonication	NA
JU1400	JU1400	MMP	ML_3	MMP	MMP-ML_3-JU1400	Sonication	NA
JU1400	JU1400	MMP	ML_5	MMP	MMP-ML_5-JU1400	Sonication	NA
JU1400	JU1400	MMP	ML_6	MMP	MMP-ML_6-JU1400	Sonication	NA
JU1400	JU1400	MMP	ML_7	MMP	MMP-ML_7-JU1400	Sonication	NA
JU1400	JU1400	Princeton1	PL_9	Princeton	Princeton1-PL_9-JU1400	Sonication	NA
JU1491	JU1491	BGI1	RET3	Andersen	BGI1-RET3-JU1491	Tagmentation	ILLUMINACLIP:NexteraPE-PE.fa:2:80:10 MINLEN:45
JU1491	JU1491	BGI2	RET3	Andersen	BGI2-RET3-JU1491	Tagmentation	ILLUMINACLIP:NexteraPE-PE.fa:2:80:10 MINLEN:45
JU1491	JU1491	BGI3	RET3a	Andersen	BGI3-RET3a-JU1491	Tagmentation	ILLUMINACLIP:NexteraPE-PE.fa:2:80:10 MINLEN:45
JU1491	JU1491	Princeton1	PL_13	Princeton	Princeton1-PL_13-JU1491	Sonication	NA
JU1491	JU1491	Princeton1	PL_14	Princeton	Princeton1-PL_14-JU1491	Sonication	NA
JU2007	JU2007	BGI1	RET3	Andersen	BGI1-RET3-JU2007	Tagmentation	ILLUMINACLIP:NexteraPE-PE.fa:2:80:10 MINLEN:45
JU2007	JU2007	BGI2	RET3	Andersen	BGI2-RET3-JU2007	Tagmentation	ILLUMINACLIP:NexteraPE-PE.fa:2:80:10 MINLEN:45
JU2007	JU2007	BGI3	RET3b	Andersen	BGI3-RET3b-JU2007	Tagmentation	ILLUMINACLIP:NexteraPE-PE.fa:2:80:10 MINLEN:45
JU2007	JU2007	Princeton1	PL_5	Princeton	Princeton1-PL_5-JU2007	Sonication	NA
JU2007	JU2007	Princeton1	PL_6	Princeton	Princeton1-PL_6-JU2007	Sonication	NA
JU1586	JU1586	BGI1	RET3	Andersen	BGI1-RET3-JU1586	Tagmentation	ILLUMINACLIP:NexteraPE-PE.fa:2:80:10 MINLEN:45
JU1586	JU1586	BGI2	RET3	Andersen	BGI2-RET3-JU1586	Tagmentation	ILLUMINACLIP:NexteraPE-PE.fa:2:80:10 MINLEN:45
JU1586	JU1586	BGI3	RET3a	Andersen	BGI3-RET3a-JU1586	Tagmentation	ILLUMINACLIP:NexteraPE-PE.fa:2:80:10 MINLEN:45
JU1586	JU1586	Princeton1	PL_15	Princeton	Princeton1-PL_15-JU1586	Sonication	NA
JU1586	JU1586	Princeton1	PL_16	Princeton	Princeton1-PL_16-JU1586	Sonication	NA
JU2464	JU2464	UChicago	EA1	Andersen	UChicago-EA1-JU2464	Tagmentation	ILLUMINACLIP:NexteraPE-PE.fa:2:80:10 MINLEN:45
JU2464	JU2467	UChicago	EA2	Andersen	UChicago-EA2-JU2467	Tagmentation	ILLUMINACLIP:NexteraPE-PE.fa:2:80:10 MINLEN:45
JU2464	JU2468	UChicago	EA2	Andersen	UChicago-EA2-JU2468	Tagmentation	ILLUMINACLIP:NexteraPE-PE.fa:2:80:10 MINLEN:45
JU2464	JU2464	UChicago2	L007	Andersen	UChicago2-L007-JU2464	Tagmentation	ILLUMINACLIP:NexteraPE-PE.fa:2:80:10 MINLEN:45
JU2464	JU2467	UChicago2	L008	Andersen	UChicago2-L008-JU2467	Tagmentation	ILLUMINACLIP:NexteraPE-PE.fa:2:80:10 MINLEN:45
JU2464	JU2468	UChicago2	L008	Andersen	UChicago2-L008-JU2468	Tagmentation	ILLUMINACLIP:NexteraPE-PE.fa:2:80:10 MINLEN:45
JU406	JU406	BGI1	RET6	Andersen	BGI1-RET6-JU406	Tagmentation	ILLUMINACLIP:NexteraPE-PE.fa:2:80:10 MINLEN:45
JU406	JU406	BGI2	RET6	Andersen	BGI2-RET6-JU406	Tagmentation	ILLUMINACLIP:NexteraPE-PE.fa:2:80:10 MINLEN:45
JU406	JU406	BGI3	RET6b	Andersen	BGI3-RET6b-JU406	Tagmentation	ILLUMINACLIP:NexteraPE-PE.fa:2:80:10 MINLEN:45
JU393	JU393	BGI1	RET6	Andersen	BGI1-RET6-JU393	Tagmentation	ILLUMINACLIP:NexteraPE-PE.fa:2:80:10 MINLEN:45
JU393	JU393	BGI2	RET6	Andersen	BGI2-RET6-JU393	Tagmentation	ILLUMINACLIP:NexteraPE-PE.fa:2:80:10 MINLEN:45
JU393	JU393	BGI3	RET6b	Andersen	BGI3-RET6b-JU393	Tagmentation	ILLUMINACLIP:NexteraPE-PE.fa:2:80:10 MINLEN:45
JU1580	JU1580	BGI1	RET1	Andersen	BGI1-RET1-JU1580	Tagmentation	ILLUMINACLIP:NexteraPE-PE.fa:2:80:10 MINLEN:45
JU1580	JU1580	BGI2	RET1	Andersen	BGI2-RET1-JU1580	Tagmentation	ILLUMINACLIP:NexteraPE-PE.fa:2:80:10 MINLEN:45
JU1580	JU1580	BGI3	RET1b	Andersen	BGI3-RET1b-JU1580	Tagmentation	ILLUMINACLIP:NexteraPE-PE.fa:2:80:10 MINLEN:45
JU1580	JU1580	Princeton1	PL_10	Princeton	Princeton1-PL_10-JU1580	Sonication	NA
JU1580	JU1580	Princeton1	PL_11	Princeton	Princeton1-PL_11-JU1580	Sonication	NA
JU346	JU346	BGI1	RET2	Andersen	BGI1-RET2-JU346	Tagmentation	ILLUMINACLIP:NexteraPE-PE.fa:2:80:10 MINLEN:45
JU346	JU346	BGI2	RET2	Andersen	BGI2-RET2-JU346	Tagmentation	ILLUMINACLIP:NexteraPE-PE.fa:2:80:10 MINLEN:45
JU346	JU346	BGI3	RET2b	Andersen	BGI3-RET2b-JU346	Tagmentation	ILLUMINACLIP:NexteraPE-PE.fa:2:80:10 MINLEN:45
JU346	JU346	Princeton1	PL_9	Princeton	Princeton1-PL_9-JU346	Sonication	NA
JU394	JU394	BGI1	RET4	Andersen	BGI1-RET4-JU394	Tagmentation	ILLUMINACLIP:NexteraPE-PE.fa:2:80:10 MINLEN:45
JU394	JU394	BGI2	RET4	Andersen	BGI2-RET4-JU394	Tagmentation	ILLUMINACLIP:NexteraPE-PE.fa:2:80:10 MINLEN:45
JU394	JU394	BGI3	RET4b	Andersen	BGI3-RET4b-JU394	Tagmentation	ILLUMINACLIP:NexteraPE-PE.fa:2:80:10 MINLEN:45
JU394	JU394	MMP	ML_2	MMP	MMP-ML_2-JU394	Sonication	NA
JU394	JU394	MMP	ML_3	MMP	MMP-ML_3-JU394	Sonication	NA
JU394	JU394	MMP	ML_5	MMP	MMP-ML_5-JU394	Sonication	NA
JU394	JU394	MMP	ML_6	MMP	MMP-ML_6-JU394	Sonication	NA
JU394	JU394	MMP	ML_7	MMP	MMP-ML_7-JU394	Sonication	NA
JU394	JU400	Rockman	R076.2	Rockman	Rockman-R076.2-JU400	Sonication	NA
JU397	JU397	BGI1	RET5	Andersen	BGI1-RET5-JU397	Tagmentation	ILLUMINACLIP:NexteraPE-PE.fa:2:80:10 MINLEN:45
JU397	JU397	BGI2	RET5	Andersen	BGI2-RET5-JU397	Tagmentation	ILLUMINACLIP:NexteraPE-PE.fa:2:80:10 MINLEN:45
JU397	JU397	BGI3	RET5b	Andersen	BGI3-RET5b-JU397	Tagmentation	ILLUMINACLIP:NexteraPE-PE.fa:2:80:10 MINLEN:45
JU1581	JU1516	BGI1	RET4	Andersen	BGI1-RET4-JU1516	Tagmentation	ILLUMINACLIP:NexteraPE-PE.fa:2:80:10 MINLEN:45
JU1581	JU1581	BGI1	RET6	Andersen	BGI1-RET6-JU1581	Tagmentation	ILLUMINACLIP:NexteraPE-PE.fa:2:80:10 MINLEN:45
JU1581	JU1516	BGI2	RET4	Andersen	BGI2-RET4-JU1516	Tagmentation	ILLUMINACLIP:NexteraPE-PE.fa:2:80:10 MINLEN:45
JU1581	JU1581	BGI2	RET6	Andersen	BGI2-RET6-JU1581	Tagmentation	ILLUMINACLIP:NexteraPE-PE.fa:2:80:10 MINLEN:45
JU1581	JU1516	BGI3	RET4b	Andersen	BGI3-RET4b-JU1516	Tagmentation	ILLUMINACLIP:NexteraPE-PE.fa:2:80:10 MINLEN:45
JU1581	JU1581	BGI3	RET6b	Andersen	BGI3-RET6b-JU1581	Tagmentation	ILLUMINACLIP:NexteraPE-PE.fa:2:80:10 MINLEN:45
JU1581	JU1581	Princeton1	PL_13	Princeton	Princeton1-PL_13-JU1581	Sonication	NA
JU1581	JU1581	Princeton1	PL_14	Princeton	Princeton1-PL_14-JU1581	Sonication	NA
JU1581	JU1516	Princeton1	PL_5	Princeton	Princeton1-PL_5-JU1516	Sonication	NA
JU1581	JU1516	Princeton1	PL_6	Princeton	Princeton1-PL_6-JU1516	Sonication	NA
JU561	JU561	BGI1	RET7	Andersen	BGI1-RET7-JU561	Tagmentation	ILLUMINACLIP:NexteraPE-PE.fa:2:80:10 MINLEN:45
JU561	JU561	BGI2	RET7	Andersen	BGI2-RET7-JU561	Tagmentation	ILLUMINACLIP:NexteraPE-PE.fa:2:80:10 MINLEN:45
JU561	JU561	BGI3	RET7b	Andersen	BGI3-RET7b-JU561	Tagmentation	ILLUMINACLIP:NexteraPE-PE.fa:2:80:10 MINLEN:45
JU323	JU323	BGI1	RET7	Andersen	BGI1-RET7-JU323	Tagmentation	ILLUMINACLIP:NexteraPE-PE.fa:2:80:10 MINLEN:45
JU323	JU323	BGI2	RET7	Andersen	BGI2-RET7-JU323	Tagmentation	ILLUMINACLIP:NexteraPE-PE.fa:2:80:10 MINLEN:45
JU323	JU323	BGI3	RET7a	Andersen	BGI3-RET7a-JU323	Tagmentation	ILLUMINACLIP:NexteraPE-PE.fa:2:80:10 MINLEN:45
JU323	JU322	MMP	ML_2	MMP	MMP-ML_2-JU322	Sonication	NA
JU323	JU322	MMP	ML_3	MMP	MMP-ML_3-JU322	Sonication	NA
JU323	JU322	MMP	ML_5	MMP	MMP-ML_5-JU322	Sonication	NA
JU323	JU322	MMP	ML_6	MMP	MMP-ML_6-JU322	Sonication	NA
JU323	JU322	MMP	ML_7	MMP	MMP-ML_7-JU322	Sonication	NA
JU367	JU367	BGI1	RET7	Andersen	BGI1-RET7-JU367	Tagmentation	ILLUMINACLIP:NexteraPE-PE.fa:2:80:10 MINLEN:45
JU367	JU367	BGI2	RET7	Andersen	BGI2-RET7-JU367	Tagmentation	ILLUMINACLIP:NexteraPE-PE.fa:2:80:10 MINLEN:45
JU367	JU367	BGI3	RET7b	Andersen	BGI3-RET7b-JU367	Tagmentation	ILLUMINACLIP:NexteraPE-PE.fa:2:80:10 MINLEN:45
JU367	JU361	MMP	ML_2	MMP	MMP-ML_2-JU361	Sonication	NA
JU367	JU361	MMP	ML_3	MMP	MMP-ML_3-JU361	Sonication	NA
JU367	JU361	MMP	ML_5	MMP	MMP-ML_5-JU361	Sonication	NA
JU367	JU361	MMP	ML_6	MMP	MMP-ML_6-JU361	Sonication	NA
JU367	JU361	MMP	ML_7	MMP	MMP-ML_7-JU361	Sonication	NA
JU440	JU440	BGI1	RET3	Andersen	BGI1-RET3-JU440	Tagmentation	ILLUMINACLIP:NexteraPE-PE.fa:2:80:10 MINLEN:45
JU440	JU440	BGI2	RET3	Andersen	BGI2-RET3-JU440	Tagmentation	ILLUMINACLIP:NexteraPE-PE.fa:2:80:10 MINLEN:45
JU440	JU440	BGI3	RET3b	Andersen	BGI3-RET3b-JU440	Tagmentation	ILLUMINACLIP:NexteraPE-PE.fa:2:80:10 MINLEN:45
JU440	JU440	Princeton1	PL_9	Princeton	Princeton1-PL_9-JU440	Sonication	NA
JU792	JU792	BGI2	RET6	Andersen	BGI2-RET6-JU792	Tagmentation	ILLUMINACLIP:NexteraPE-PE.fa:2:80:10 MINLEN:45
JU792	JU792	BGI3	RET6a	Andersen	BGI3-RET6a-JU792	Tagmentation	ILLUMINACLIP:NexteraPE-PE.fa:2:80:10 MINLEN:45
JU751	JU751	BGI1	RET5	Andersen	BGI1-RET5-JU751	Tagmentation	ILLUMINACLIP:NexteraPE-PE.fa:2:80:10 MINLEN:45
JU751	JU751	BGI2	RET5	Andersen	BGI2-RET5-JU751	Tagmentation	ILLUMINACLIP:NexteraPE-PE.fa:2:80:10 MINLEN:45
JU751	JU751	BGI3	RET5a	Andersen	BGI3-RET5a-JU751	Tagmentation	ILLUMINACLIP:NexteraPE-PE.fa:2:80:10 MINLEN:45
JU258	JU258	BGI1	RET1	Andersen	BGI1-RET1-JU258	Tagmentation	ILLUMINACLIP:NexteraPE-PE.fa:2:80:10 MINLEN:45
JU258	JU258	BGI2	RET1	Andersen	BGI2-RET1-JU258	Tagmentation	ILLUMINACLIP:NexteraPE-PE.fa:2:80:10 MINLEN:45
JU258	JU258	BGI3	RET1a	Andersen	BGI3-RET1a-JU258	Tagmentation	ILLUMINACLIP:NexteraPE-PE.fa:2:80:10 MINLEN:45
JU258	JU258	MMP	ML_2	MMP	MMP-ML_2-JU258	Sonication	NA
JU258	JU258	MMP	ML_3	MMP	MMP-ML_3-JU258	Sonication	NA
JU258	JU258	MMP	ML_5	MMP	MMP-ML_5-JU258	Sonication	NA
JU258	JU258	MMP	ML_6	MMP	MMP-ML_6-JU258	Sonication	NA
JU258	JU258	MMP	ML_7	MMP	MMP-ML_7-JU258	Sonication	NA
JU258	JU258	Princeton2	P	Princeton	Princeton2-P-JU258	Sonication	NA
JU847	JU847	BGI1	RET7	Andersen	BGI1-RET7-JU847	Tagmentation	ILLUMINACLIP:NexteraPE-PE.fa:2:80:10 MINLEN:45
JU847	JU847	BGI2	RET7	Andersen	BGI2-RET7-JU847	Tagmentation	ILLUMINACLIP:NexteraPE-PE.fa:2:80:10 MINLEN:45
JU847	JU847	BGI3	RET7a	Andersen	BGI3-RET7a-JU847	Tagmentation	ILLUMINACLIP:NexteraPE-PE.fa:2:80:10 MINLEN:45
JU774	JU774	BGI1	RET7	Andersen	BGI1-RET7-JU774	Tagmentation	ILLUMINACLIP:NexteraPE-PE.fa:2:80:10 MINLEN:45
JU774	JU774	BGI2	RET7	Andersen	BGI2-RET7-JU774	Tagmentation	ILLUMINACLIP:NexteraPE-PE.fa:2:80:10 MINLEN:45
JU774	JU774	BGI3	RET7a	Andersen	BGI3-RET7a-JU774	Tagmentation	ILLUMINACLIP:NexteraPE-PE.fa:2:80:10 MINLEN:45
JU774	JU774	Princeton1	PL_18	Princeton	Princeton1-PL_18-JU774	Sonication	NA
JU774	JU774	Princeton1	PL_19	Princeton	Princeton1-PL_19-JU774	Sonication	NA
JU830	JU830	BGI1	RET3	Andersen	BGI1-RET3-JU830	Tagmentation	ILLUMINACLIP:NexteraPE-PE.fa:2:80:10 MINLEN:45
JU830	JU830	BGI2	RET3	Andersen	BGI2-RET3-JU830	Tagmentation	ILLUMINACLIP:NexteraPE-PE.fa:2:80:10 MINLEN:45
JU830	JU830	BGI3	RET3a	Andersen	BGI3-RET3a-JU830	Tagmentation	ILLUMINACLIP:NexteraPE-PE.fa:2:80:10 MINLEN:45
JU775	JU775	BGI1	RET2	Andersen	BGI1-RET2-JU775	Tagmentation	ILLUMINACLIP:NexteraPE-PE.fa:2:80:10 MINLEN:45
JU775	JU775	BGI2	RET2	Andersen	BGI2-RET2-JU775	Tagmentation	ILLUMINACLIP:NexteraPE-PE.fa:2:80:10 MINLEN:45
JU775	JU775	BGI3	RET2a	Andersen	BGI3-RET2a-JU775	Tagmentation	ILLUMINACLIP:NexteraPE-PE.fa:2:80:10 MINLEN:45
JU775	JU775	MMP	ML_2	MMP	MMP-ML_2-JU775	Sonication	NA
JU775	JU775	MMP	ML_3	MMP	MMP-ML_3-JU775	Sonication	NA
JU775	JU775	MMP	ML_5	MMP	MMP-ML_5-JU775	Sonication	NA
JU775	JU775	MMP	ML_6	MMP	MMP-ML_6-JU775	Sonication	NA
JU775	JU775	MMP	ML_7	MMP	MMP-ML_7-JU775	Sonication	NA
JU775	JU775	Princeton1	PL_9	Princeton	Princeton1-PL_9-JU775	Sonication	NA
JU642	JU642	BGI1	RET4	Andersen	BGI1-RET4-JU642	Tagmentation	ILLUMINACLIP:NexteraPE-PE.fa:2:80:10 MINLEN:45
JU642	JU642	BGI2	RET4	Andersen	BGI2-RET4-JU642	Tagmentation	ILLUMINACLIP:NexteraPE-PE.fa:2:80:10 MINLEN:45
JU642	JU642	BGI3	RET4b	Andersen	BGI3-RET4b-JU642	Tagmentation	ILLUMINACLIP:NexteraPE-PE.fa:2:80:10 MINLEN:45
JU642	JU642	MMP	ML_2	MMP	MMP-ML_2-JU642	Sonication	NA
JU642	JU642	MMP	ML_3	MMP	MMP-ML_3-JU642	Sonication	NA
JU642	JU642	MMP	ML_5	MMP	MMP-ML_5-JU642	Sonication	NA
JU642	JU642	MMP	ML_6	MMP	MMP-ML_6-JU642	Sonication	NA
JU642	JU642	MMP	ML_7	MMP	MMP-ML_7-JU642	Sonication	NA
JU642	JU642	Princeton1	PL_18	Princeton	Princeton1-PL_18-JU642	Sonication	NA
JU642	JU642	Princeton1	PL_19	Princeton	Princeton1-PL_19-JU642	Sonication	NA
JU778	JU778	BGI1	RET1	Andersen	BGI1-RET1-JU778	Tagmentation	ILLUMINACLIP:NexteraPE-PE.fa:2:80:10 MINLEN:45
JU778	JU778	BGI2	RET1	Andersen	BGI2-RET1-JU778	Tagmentation	ILLUMINACLIP:NexteraPE-PE.fa:2:80:10 MINLEN:45
JU778	JU778	BGI3	RET1b	Andersen	BGI3-RET1b-JU778	Tagmentation	ILLUMINACLIP:NexteraPE-PE.fa:2:80:10 MINLEN:45
JU310	JU310	BGI1	RET4	Andersen	BGI1-RET4-JU310	Tagmentation	ILLUMINACLIP:NexteraPE-PE.fa:2:80:10 MINLEN:45
JU310	JU310	BGI2	RET4	Andersen	BGI2-RET4-JU310	Tagmentation	ILLUMINACLIP:NexteraPE-PE.fa:2:80:10 MINLEN:45
JU310	JU310	BGI3	RET4b	Andersen	BGI3-RET4b-JU310	Tagmentation	ILLUMINACLIP:NexteraPE-PE.fa:2:80:10 MINLEN:45
JU310	JU263	MMP	ML_2	MMP	MMP-ML_2-JU263	Sonication	NA
JU310	JU300	MMP	ML_2	MMP	MMP-ML_2-JU300	Sonication	NA
JU310	JU263	MMP	ML_3	MMP	MMP-ML_3-JU263	Sonication	NA
JU310	JU300	MMP	ML_3	MMP	MMP-ML_3-JU300	Sonication	NA
JU310	JU263	MMP	ML_5	MMP	MMP-ML_5-JU263	Sonication	NA
JU310	JU300	MMP	ML_5	MMP	MMP-ML_5-JU300	Sonication	NA
JU310	JU263	MMP	ML_6	MMP	MMP-ML_6-JU263	Sonication	NA
JU310	JU300	MMP	ML_6	MMP	MMP-ML_6-JU300	Sonication	NA
JU310	JU263	MMP	ML_7	MMP	MMP-ML_7-JU263	Sonication	NA
JU310	JU300	MMP	ML_7	MMP	MMP-ML_7-JU300	Sonication	NA
JU310	JU310	Princeton1	PL_17	Princeton	Princeton1-PL_17-JU310	Sonication	NA
JU310	JU310	Princeton1	PL_20	Princeton	Princeton1-PL_20-JU310	Sonication	NA
JU310	JU310	Princeton1	PL_24	Princeton	Princeton1-PL_24-JU310	Sonication	NA
KR314	KR314	BGI1	RET5	Andersen	BGI1-RET5-KR314	Tagmentation	ILLUMINACLIP:NexteraPE-PE.fa:2:80:10 MINLEN:45
KR314	KR314	BGI2	RET5	Andersen	BGI2-RET5-KR314	Tagmentation	ILLUMINACLIP:NexteraPE-PE.fa:2:80:10 MINLEN:45
KR314	KR314	BGI3	RET5b	Andersen	BGI3-RET5b-KR314	Tagmentation	ILLUMINACLIP:NexteraPE-PE.fa:2:80:10 MINLEN:45
KR314	KR314	MMP	ML_2	MMP	MMP-ML_2-KR314	Sonication	NA
KR314	KR314	MMP	ML_3	MMP	MMP-ML_3-KR314	Sonication	NA
KR314	KR314	MMP	ML_5	MMP	MMP-ML_5-KR314	Sonication	NA
KR314	KR314	MMP	ML_6	MMP	MMP-ML_6-KR314	Sonication	NA
KR314	KR314	MMP	ML_7	MMP	MMP-ML_7-KR314	Sonication	NA
KR314	KR314	Princeton1	PL_20	Princeton	Princeton1-PL_20-KR314	Sonication	NA
JU311	JU315	BGI1	RET3	Andersen	BGI1-RET3-JU315	Tagmentation	ILLUMINACLIP:NexteraPE-PE.fa:2:80:10 MINLEN:45
JU311	JU311	BGI1	RET5	Andersen	BGI1-RET5-JU311	Tagmentation	ILLUMINACLIP:NexteraPE-PE.fa:2:80:10 MINLEN:45
JU311	JU315	BGI2	RET3	Andersen	BGI2-RET3-JU315	Tagmentation	ILLUMINACLIP:NexteraPE-PE.fa:2:80:10 MINLEN:45
JU311	JU311	BGI2	RET5	Andersen	BGI2-RET5-JU311	Tagmentation	ILLUMINACLIP:NexteraPE-PE.fa:2:80:10 MINLEN:45
JU311	JU315	BGI3	RET3b	Andersen	BGI3-RET3b-JU315	Tagmentation	ILLUMINACLIP:NexteraPE-PE.fa:2:80:10 MINLEN:45
JU311	JU311	BGI3	RET5b	Andersen	BGI3-RET5b-JU311	Tagmentation	ILLUMINACLIP:NexteraPE-PE.fa:2:80:10 MINLEN:45
JU311	JU312	MMP	ML_2	MMP	MMP-ML_2-JU312	Sonication	NA
JU311	JU312	MMP	ML_3	MMP	MMP-ML_3-JU312	Sonication	NA
JU311	JU312	MMP	ML_5	MMP	MMP-ML_5-JU312	Sonication	NA
JU311	JU312	MMP	ML_6	MMP	MMP-ML_6-JU312	Sonication	NA
JU311	JU312	MMP	ML_7	MMP	MMP-ML_7-JU312	Sonication	NA
JU311	JU315	Princeton1	PL_3	Princeton	Princeton1-PL_3-JU315	Sonication	NA
JU311	JU315	Princeton1	PL_4	Princeton	Princeton1-PL_4-JU315	Sonication	NA
JU311	JU319	Rockman	R083.8	Rockman	Rockman-R083.8-JU319	Sonication	NA
JU360	JU360	BGI1	RET1	Andersen	BGI1-RET1-JU360	Tagmentation	ILLUMINACLIP:NexteraPE-PE.fa:2:80:10 MINLEN:45
JU360	JU363	BGI1	RET2	Andersen	BGI1-RET2-JU363	Tagmentation	ILLUMINACLIP:NexteraPE-PE.fa:2:80:10 MINLEN:45
JU360	JU360	BGI2	RET1	Andersen	BGI2-RET1-JU360	Tagmentation	ILLUMINACLIP:NexteraPE-PE.fa:2:80:10 MINLEN:45
JU360	JU363	BGI2	RET2	Andersen	BGI2-RET2-JU363	Tagmentation	ILLUMINACLIP:NexteraPE-PE.fa:2:80:10 MINLEN:45
JU360	JU360	BGI3	RET1b	Andersen	BGI3-RET1b-JU360	Tagmentation	ILLUMINACLIP:NexteraPE-PE.fa:2:80:10 MINLEN:45
JU360	JU363	BGI3	RET2b	Andersen	BGI3-RET2b-JU363	Tagmentation	ILLUMINACLIP:NexteraPE-PE.fa:2:80:10 MINLEN:45
JU360	JU360	MMP	ML_2	MMP	MMP-ML_2-JU360	Sonication	NA
JU360	JU360	MMP	ML_3	MMP	MMP-ML_3-JU360	Sonication	NA
JU360	JU360	MMP	ML_5	MMP	MMP-ML_5-JU360	Sonication	NA
JU360	JU360	MMP	ML_6	MMP	MMP-ML_6-JU360	Sonication	NA
JU360	JU360	MMP	ML_7	MMP	MMP-ML_7-JU360	Sonication	NA
JU360	JU360	Princeton1	PL_12	Princeton	Princeton1-PL_12-JU360	Sonication	NA
JU360	JU363	UChicago	EA2	Andersen	UChicago-EA2-JU363	Tagmentation	ILLUMINACLIP:NexteraPE-PE.fa:2:80:10 MINLEN:45
JU360	JU363	UChicago2	L008	Andersen	UChicago2-L008-JU363	Tagmentation	ILLUMINACLIP:NexteraPE-PE.fa:2:80:10 MINLEN:45
MY10	MY10	BGI1	RET3	Andersen	BGI1-RET3-MY10	Tagmentation	ILLUMINACLIP:NexteraPE-PE.fa:2:80:10 MINLEN:45
MY10	MY10	BGI2	RET3	Andersen	BGI2-RET3-MY10	Tagmentation	ILLUMINACLIP:NexteraPE-PE.fa:2:80:10 MINLEN:45
MY10	MY10	BGI3	RET3b	Andersen	BGI3-RET3b-MY10	Tagmentation	ILLUMINACLIP:NexteraPE-PE.fa:2:80:10 MINLEN:45
MY10	MY10	Princeton1	PL_18	Princeton	Princeton1-PL_18-MY10	Sonication	NA
MY10	MY10	Princeton1	PL_19	Princeton	Princeton1-PL_19-MY10	Sonication	NA
NIC166	NIC166	BGI1	RET5	Andersen	BGI1-RET5-NIC166	Tagmentation	ILLUMINACLIP:NexteraPE-PE.fa:2:80:10 MINLEN:45
NIC166	NIC166	BGI2	RET5	Andersen	BGI2-RET5-NIC166	Tagmentation	ILLUMINACLIP:NexteraPE-PE.fa:2:80:10 MINLEN:45
NIC166	NIC166	BGI3	RET5a	Andersen	BGI3-RET5a-NIC166	Tagmentation	ILLUMINACLIP:NexteraPE-PE.fa:2:80:10 MINLEN:45
LKC34	LKC34	BGI1	RET3	Andersen	BGI1-RET3-LKC34	Tagmentation	ILLUMINACLIP:NexteraPE-PE.fa:2:80:10 MINLEN:45
LKC34	LKC34	BGI2	RET3	Andersen	BGI2-RET3-LKC34	Tagmentation	ILLUMINACLIP:NexteraPE-PE.fa:2:80:10 MINLEN:45
LKC34	LKC34	BGI3	RET3a	Andersen	BGI3-RET3a-LKC34	Tagmentation	ILLUMINACLIP:NexteraPE-PE.fa:2:80:10 MINLEN:45
LKC34	LKC34	MMP	ML_2	MMP	MMP-ML_2-LKC34	Sonication	NA
LKC34	LKC34	MMP	ML_3	MMP	MMP-ML_3-LKC34	Sonication	NA
LKC34	LKC34	MMP	ML_5	MMP	MMP-ML_5-LKC34	Sonication	NA
LKC34	LKC34	MMP	ML_6	MMP	MMP-ML_6-LKC34	Sonication	NA
LKC34	LKC34	MMP	ML_7	MMP	MMP-ML_7-LKC34	Sonication	NA
LKC34	LKC34	Princeton1	PL_9	Princeton	Princeton1-PL_9-LKC34	Sonication	NA
LSJ1	LSJ1	BGI1	RET4	Andersen	BGI1-RET4-LSJ1	Tagmentation	ILLUMINACLIP:NexteraPE-PE.fa:2:80:10 MINLEN:45
LSJ1	LSJ1	BGI2	RET4	Andersen	BGI2-RET4-LSJ1	Tagmentation	ILLUMINACLIP:NexteraPE-PE.fa:2:80:10 MINLEN:45
LSJ1	LSJ1	BGI3	RET4a	Andersen	BGI3-RET4a-LSJ1	Tagmentation	ILLUMINACLIP:NexteraPE-PE.fa:2:80:10 MINLEN:45
LSJ1	LSJ1	Princeton1	PL_15	Princeton	Princeton1-PL_15-LSJ1	Sonication	NA
LSJ1	LSJ1	Princeton1	PL_16	Princeton	Princeton1-PL_16-LSJ1	Sonication	NA
NIC252	NIC252	UChicago	EA2	Andersen	UChicago-EA2-NIC252	Tagmentation	ILLUMINACLIP:NexteraPE-PE.fa:2:80:10 MINLEN:45
NIC252	NIC252	UChicago2	L008	Andersen	UChicago2-L008-NIC252	Tagmentation	ILLUMINACLIP:NexteraPE-PE.fa:2:80:10 MINLEN:45
NIC242	NIC242	UChicago	EA1	Andersen	UChicago-EA1-NIC242	Tagmentation	ILLUMINACLIP:NexteraPE-PE.fa:2:80:10 MINLEN:45
NIC242	NIC242	UChicago2	L007	Andersen	UChicago2-L007-NIC242	Tagmentation	ILLUMINACLIP:NexteraPE-PE.fa:2:80:10 MINLEN:45
NIC251	NIC251	UChicago	EA1	Andersen	UChicago-EA1-NIC251	Tagmentation	ILLUMINACLIP:NexteraPE-PE.fa:2:80:10 MINLEN:45
NIC251	NIC251	UChicago2	L007	Andersen	UChicago2-L007-NIC251	Tagmentation	ILLUMINACLIP:NexteraPE-PE.fa:2:80:10 MINLEN:45
NIC207	NIC207	BGI1	RET3	Andersen	BGI1-RET3-NIC207	Tagmentation	ILLUMINACLIP:NexteraPE-PE.fa:2:80:10 MINLEN:45
NIC207	NIC207	BGI2	RET3	Andersen	BGI2-RET3-NIC207	Tagmentation	ILLUMINACLIP:NexteraPE-PE.fa:2:80:10 MINLEN:45
NIC207	NIC207	BGI3	RET3a	Andersen	BGI3-RET3a-NIC207	Tagmentation	ILLUMINACLIP:NexteraPE-PE.fa:2:80:10 MINLEN:45
JU782	JU782	BGI1	RET2	Andersen	BGI1-RET2-JU782	Tagmentation	ILLUMINACLIP:NexteraPE-PE.fa:2:80:10 MINLEN:45
JU782	JU782	BGI2	RET2	Andersen	BGI2-RET2-JU782	Tagmentation	ILLUMINACLIP:NexteraPE-PE.fa:2:80:10 MINLEN:45
JU782	JU782	BGI3	RET2a	Andersen	BGI3-RET2a-JU782	Tagmentation	ILLUMINACLIP:NexteraPE-PE.fa:2:80:10 MINLEN:45
JU782	JU782	Princeton1	PL_17	Princeton	Princeton1-PL_17-JU782	Sonication	NA
JU782	JU782	Princeton1	PL_21	Princeton	Princeton1-PL_21-JU782	Sonication	NA
JU782	JU782	Princeton1	PL_24	Princeton	Princeton1-PL_24-JU782	Sonication	NA
JU782	JU782	UChicago	EA1	Andersen	UChicago-EA1-JU782	Tagmentation	ILLUMINACLIP:NexteraPE-PE.fa:2:80:10 MINLEN:45
JU782	JU782	UChicago2	L007	Andersen	UChicago2-L007-JU782	Tagmentation	ILLUMINACLIP:NexteraPE-PE.fa:2:80:10 MINLEN:45
NIC255	NIC255	UChicago	EA2	Andersen	UChicago-EA2-NIC255	Tagmentation	ILLUMINACLIP:NexteraPE-PE.fa:2:80:10 MINLEN:45
NIC255	NIC255	UChicago2	L008	Andersen	UChicago2-L008-NIC255	Tagmentation	ILLUMINACLIP:NexteraPE-PE.fa:2:80:10 MINLEN:45
MY16	MY16	BGI1	RET2	Andersen	BGI1-RET2-MY16	Tagmentation	ILLUMINACLIP:NexteraPE-PE.fa:2:80:10 MINLEN:45
MY16	MY16	BGI2	RET2	Andersen	BGI2-RET2-MY16	Tagmentation	ILLUMINACLIP:NexteraPE-PE.fa:2:80:10 MINLEN:45
MY16	MY16	BGI3	RET2a	Andersen	BGI3-RET2a-MY16	Tagmentation	ILLUMINACLIP:NexteraPE-PE.fa:2:80:10 MINLEN:45
MY16	MY16	MMP	ML_2	MMP	MMP-ML_2-MY16	Sonication	NA
MY16	MY16	MMP	ML_3	MMP	MMP-ML_3-MY16	Sonication	NA
MY16	MY16	MMP	ML_5	MMP	MMP-ML_5-MY16	Sonication	NA
MY16	MY16	MMP	ML_6	MMP	MMP-ML_6-MY16	Sonication	NA
MY16	MY16	MMP	ML_7	MMP	MMP-ML_7-MY16	Sonication	NA
MY16	MY16	Princeton1	PL_22	Princeton	Princeton1-PL_22-MY16	Sonication	NA
MY16	MY16	Rockman	R076.2	Rockman	Rockman-R076.2-MY16	Sonication	NA
MY16	MY16	Rockman	R096.2	Rockman	Rockman-R096.2-MY16	Sonication	NA
NIC259	NIC259	UChicago	EA1	Andersen	UChicago-EA1-NIC259	Tagmentation	ILLUMINACLIP:NexteraPE-PE.fa:2:80:10 MINLEN:45
NIC259	NIC259	UChicago2	L007	Andersen	UChicago2-L007-NIC259	Tagmentation	ILLUMINACLIP:NexteraPE-PE.fa:2:80:10 MINLEN:45
NIC1	NIC1	BGI1	RET3	Andersen	BGI1-RET3-NIC1	Tagmentation	ILLUMINACLIP:NexteraPE-PE.fa:2:80:10 MINLEN:45
NIC1	NIC1	BGI2	RET3	Andersen	BGI2-RET3-NIC1	Tagmentation	ILLUMINACLIP:NexteraPE-PE.fa:2:80:10 MINLEN:45
NIC1	NIC1	BGI3	RET3a	Andersen	BGI3-RET3a-NIC1	Tagmentation	ILLUMINACLIP:NexteraPE-PE.fa:2:80:10 MINLEN:45
NIC1	NIC1	Princeton1	PL_3	Princeton	Princeton1-PL_3-NIC1	Sonication	NA
NIC1	NIC1	Princeton1	PL_4	Princeton	Princeton1-PL_4-NIC1	Sonication	NA
NIC258	NIC258	UChicago	EA1	Andersen	UChicago-EA1-NIC258	Tagmentation	ILLUMINACLIP:NexteraPE-PE.fa:2:80:10 MINLEN:45
NIC258	NIC258	UChicago2	L007	Andersen	UChicago2-L007-NIC258	Tagmentation	ILLUMINACLIP:NexteraPE-PE.fa:2:80:10 MINLEN:45
NIC260	NIC260	UChicago	EA2	Andersen	UChicago-EA2-NIC260	Tagmentation	ILLUMINACLIP:NexteraPE-PE.fa:2:80:10 MINLEN:45
NIC260	NIC260	UChicago2	L008	Andersen	UChicago2-L008-NIC260	Tagmentation	ILLUMINACLIP:NexteraPE-PE.fa:2:80:10 MINLEN:45
NIC199	NIC199	BGI1	RET6	Andersen	BGI1-RET6-NIC199	Tagmentation	ILLUMINACLIP:NexteraPE-PE.fa:2:80:10 MINLEN:45
NIC199	NIC200	BGI1	RET7	Andersen	BGI1-RET7-NIC200	Tagmentation	ILLUMINACLIP:NexteraPE-PE.fa:2:80:10 MINLEN:45
NIC199	NIC199	BGI2	RET6	Andersen	BGI2-RET6-NIC199	Tagmentation	ILLUMINACLIP:NexteraPE-PE.fa:2:80:10 MINLEN:45
NIC199	NIC200	BGI2	RET7	Andersen	BGI2-RET7-NIC200	Tagmentation	ILLUMINACLIP:NexteraPE-PE.fa:2:80:10 MINLEN:45
NIC199	NIC199	BGI3	RET6a	Andersen	BGI3-RET6a-NIC199	Tagmentation	ILLUMINACLIP:NexteraPE-PE.fa:2:80:10 MINLEN:45
NIC199	NIC200	BGI3	RET7a	Andersen	BGI3-RET7a-NIC200	Tagmentation	ILLUMINACLIP:NexteraPE-PE.fa:2:80:10 MINLEN:45
NIC236	NIC237	BGI1	RET5	Andersen	BGI1-RET5-NIC237	Tagmentation	ILLUMINACLIP:NexteraPE-PE.fa:2:80:10 MINLEN:45
NIC236	NIC236	BGI1	RET6	Andersen	BGI1-RET6-NIC236	Tagmentation	ILLUMINACLIP:NexteraPE-PE.fa:2:80:10 MINLEN:45
NIC236	NIC237	BGI2	RET5	Andersen	BGI2-RET5-NIC237	Tagmentation	ILLUMINACLIP:NexteraPE-PE.fa:2:80:10 MINLEN:45
NIC236	NIC236	BGI2	RET6	Andersen	BGI2-RET6-NIC236	Tagmentation	ILLUMINACLIP:NexteraPE-PE.fa:2:80:10 MINLEN:45
NIC236	NIC237	BGI3	RET5a	Andersen	BGI3-RET5a-NIC237	Tagmentation	ILLUMINACLIP:NexteraPE-PE.fa:2:80:10 MINLEN:45
NIC236	NIC236	BGI3	RET6a	Andersen	BGI3-RET6a-NIC236	Tagmentation	ILLUMINACLIP:NexteraPE-PE.fa:2:80:10 MINLEN:45
MY18	MY18	BGI1	RET7	Andersen	BGI1-RET7-MY18	Tagmentation	ILLUMINACLIP:NexteraPE-PE.fa:2:80:10 MINLEN:45
MY18	MY18	BGI2	RET7	Andersen	BGI2-RET7-MY18	Tagmentation	ILLUMINACLIP:NexteraPE-PE.fa:2:80:10 MINLEN:45
MY18	MY18	BGI3	RET7a	Andersen	BGI3-RET7a-MY18	Tagmentation	ILLUMINACLIP:NexteraPE-PE.fa:2:80:10 MINLEN:45
MY18	MY6	MMP	ML_2	MMP	MMP-ML_2-MY6	Sonication	NA
MY18	MY6	MMP	ML_3	MMP	MMP-ML_3-MY6	Sonication	NA
MY18	MY6	MMP	ML_5	MMP	MMP-ML_5-MY6	Sonication	NA
MY18	MY6	MMP	ML_6	MMP	MMP-ML_6-MY6	Sonication	NA
MY18	MY6	MMP	ML_7	MMP	MMP-ML_7-MY6	Sonication	NA
MY18	MY18	Princeton1	PL_18	Princeton	Princeton1-PL_18-MY18	Sonication	NA
MY18	MY18	Princeton1	PL_19	Princeton	Princeton1-PL_19-MY18	Sonication	NA
MY18	MY18	Rockman	R096.4	Rockman	Rockman-R096.4-MY18	Sonication	NA
NIC262	NIC262	UChicago	EA1	Andersen	UChicago-EA1-NIC262	Tagmentation	ILLUMINACLIP:NexteraPE-PE.fa:2:80:10 MINLEN:45
NIC262	NIC262	UChicago2	L007	Andersen	UChicago2-L007-NIC262	Tagmentation	ILLUMINACLIP:NexteraPE-PE.fa:2:80:10 MINLEN:45
NIC265	NIC265	UChicago	EA2	Andersen	UChicago-EA2-NIC265	Tagmentation	ILLUMINACLIP:NexteraPE-PE.fa:2:80:10 MINLEN:45
NIC265	NIC265	UChicago2	L008	Andersen	UChicago2-L008-NIC265	Tagmentation	ILLUMINACLIP:NexteraPE-PE.fa:2:80:10 MINLEN:45
NIC261	NIC261	UChicago	EA1	Andersen	UChicago-EA1-NIC261	Tagmentation	ILLUMINACLIP:NexteraPE-PE.fa:2:80:10 MINLEN:45
NIC261	NIC261	UChicago2	L007	Andersen	UChicago2-L007-NIC261	Tagmentation	ILLUMINACLIP:NexteraPE-PE.fa:2:80:10 MINLEN:45
NIC256	NIC256	UChicago	EA2	Andersen	UChicago-EA2-NIC256	Tagmentation	ILLUMINACLIP:NexteraPE-PE.fa:2:80:10 MINLEN:45
NIC256	NIC263	UChicago	EA2	Andersen	UChicago-EA2-NIC263	Tagmentation	ILLUMINACLIP:NexteraPE-PE.fa:2:80:10 MINLEN:45
NIC256	NIC256	UChicago2	L008	Andersen	UChicago2-L008-NIC256	Tagmentation	ILLUMINACLIP:NexteraPE-PE.fa:2:80:10 MINLEN:45
NIC256	NIC263	UChicago2	L008	Andersen	UChicago2-L008-NIC263	Tagmentation	ILLUMINACLIP:NexteraPE-PE.fa:2:80:10 MINLEN:45
NIC266	NIC266	UChicago	EA2	Andersen	UChicago-EA2-NIC266	Tagmentation	ILLUMINACLIP:NexteraPE-PE.fa:2:80:10 MINLEN:45
NIC266	NIC266	UChicago2	L008	Andersen	UChicago2-L008-NIC266	Tagmentation	ILLUMINACLIP:NexteraPE-PE.fa:2:80:10 MINLEN:45
MY1	MY1	BGI1	RET2	Andersen	BGI1-RET2-MY1	Tagmentation	ILLUMINACLIP:NexteraPE-PE.fa:2:80:10 MINLEN:45
MY1	MY1	BGI2	RET2	Andersen	BGI2-RET2-MY1	Tagmentation	ILLUMINACLIP:NexteraPE-PE.fa:2:80:10 MINLEN:45
MY1	MY1	BGI3	RET2b	Andersen	BGI3-RET2b-MY1	Tagmentation	ILLUMINACLIP:NexteraPE-PE.fa:2:80:10 MINLEN:45
MY1	MY1	MMP	ML_2	MMP	MMP-ML_2-MY1	Sonication	NA
MY1	MY1	MMP	ML_3	MMP	MMP-ML_3-MY1	Sonication	NA
MY1	MY1	MMP	ML_5	MMP	MMP-ML_5-MY1	Sonication	NA
MY1	MY1	MMP	ML_6	MMP	MMP-ML_6-MY1	Sonication	NA
MY1	MY1	MMP	ML_7	MMP	MMP-ML_7-MY1	Sonication	NA
MY1	MY1	Princeton1	PL_15	Princeton	Princeton1-PL_15-MY1	Sonication	NA
MY1	MY1	Princeton1	PL_16	Princeton	Princeton1-PL_16-MY1	Sonication	NA
MY1	MY1	Rockman	R076.3	Rockman	Rockman-R076.3-MY1	Sonication	NA
NIC271	NIC271	UChicago	EA2	Andersen	UChicago-EA2-NIC271	Tagmentation	ILLUMINACLIP:NexteraPE-PE.fa:2:80:10 MINLEN:45
NIC271	NIC271	UChicago2	L008	Andersen	UChicago2-L008-NIC271	Tagmentation	ILLUMINACLIP:NexteraPE-PE.fa:2:80:10 MINLEN:45
NIC275	NIC275	UChicago	EA1	Andersen	UChicago-EA1-NIC275	Tagmentation	ILLUMINACLIP:NexteraPE-PE.fa:2:80:10 MINLEN:45
NIC275	NIC275	UChicago2	L007	Andersen	UChicago2-L007-NIC275	Tagmentation	ILLUMINACLIP:NexteraPE-PE.fa:2:80:10 MINLEN:45
NIC268	NIC268	UChicago	EA2	Andersen	UChicago-EA2-NIC268	Tagmentation	ILLUMINACLIP:NexteraPE-PE.fa:2:80:10 MINLEN:45
NIC268	NIC268	UChicago2	L008	Andersen	UChicago2-L008-NIC268	Tagmentation	ILLUMINACLIP:NexteraPE-PE.fa:2:80:10 MINLEN:45
NIC276	NIC276	UChicago	EA2	Andersen	UChicago-EA2-NIC276	Tagmentation	ILLUMINACLIP:NexteraPE-PE.fa:2:80:10 MINLEN:45
NIC276	NIC276	UChicago2	L008	Andersen	UChicago2-L008-NIC276	Tagmentation	ILLUMINACLIP:NexteraPE-PE.fa:2:80:10 MINLEN:45
N2	ECA253	BGI1	RET1	Andersen	BGI1-RET1-ECA253	Tagmentation	ILLUMINACLIP:NexteraPE-PE.fa:2:80:10 MINLEN:45
N2	N2	BGI1	RET6	Andersen	BGI1-RET6-N2	Tagmentation	ILLUMINACLIP:NexteraPE-PE.fa:2:80:10 MINLEN:45
N2	ECA253	BGI2	RET1	Andersen	BGI2-RET1-ECA253	Tagmentation	ILLUMINACLIP:NexteraPE-PE.fa:2:80:10 MINLEN:45
N2	N2	BGI2	RET6	Andersen	BGI2-RET6-N2	Tagmentation	ILLUMINACLIP:NexteraPE-PE.fa:2:80:10 MINLEN:45
N2	ECA253	BGI3	RET1a	Andersen	BGI3-RET1a-ECA253	Tagmentation	ILLUMINACLIP:NexteraPE-PE.fa:2:80:10 MINLEN:45
N2	N2	BGI3	RET6b	Andersen	BGI3-RET6b-N2	Tagmentation	ILLUMINACLIP:NexteraPE-PE.fa:2:80:10 MINLEN:45
N2	ECA253	Princeton2	P	Princeton	Princeton2-P-ECA253	Sonication	NA
N2	ECA254	UChicago	EA1	Andersen	UChicago-EA1-ECA254	Tagmentation	ILLUMINACLIP:NexteraPE-PE.fa:2:80:10 MINLEN:45
N2	ECA254	UChicago2	L007	Andersen	UChicago2-L007-ECA254	Tagmentation	ILLUMINACLIP:NexteraPE-PE.fa:2:80:10 MINLEN:45
NIC269	NIC269	UChicago	EA1	Andersen	UChicago-EA1-NIC269	Tagmentation	ILLUMINACLIP:NexteraPE-PE.fa:2:80:10 MINLEN:45
NIC269	NIC269	UChicago2	L007	Andersen	UChicago2-L007-NIC269	Tagmentation	ILLUMINACLIP:NexteraPE-PE.fa:2:80:10 MINLEN:45
NIC274	NIC274	UChicago	EA1	Andersen	UChicago-EA1-NIC274	Tagmentation	ILLUMINACLIP:NexteraPE-PE.fa:2:80:10 MINLEN:45
NIC274	NIC274	UChicago2	L007	Andersen	UChicago2-L007-NIC274	Tagmentation	ILLUMINACLIP:NexteraPE-PE.fa:2:80:10 MINLEN:45
NIC277	NIC277	UChicago	EA2	Andersen	UChicago-EA2-NIC277	Tagmentation	ILLUMINACLIP:NexteraPE-PE.fa:2:80:10 MINLEN:45
NIC277	NIC277	UChicago2	L008	Andersen	UChicago2-L008-NIC277	Tagmentation	ILLUMINACLIP:NexteraPE-PE.fa:2:80:10 MINLEN:45
MY23	MY23	BGI1	RET1	Andersen	BGI1-RET1-MY23	Tagmentation	ILLUMINACLIP:NexteraPE-PE.fa:2:80:10 MINLEN:45
MY23	MY23	BGI2	RET1	Andersen	BGI2-RET1-MY23	Tagmentation	ILLUMINACLIP:NexteraPE-PE.fa:2:80:10 MINLEN:45
MY23	MY23	BGI3	RET1a	Andersen	BGI3-RET1a-MY23	Tagmentation	ILLUMINACLIP:NexteraPE-PE.fa:2:80:10 MINLEN:45
MY23	MY2	MMP	ML_2	MMP	MMP-ML_2-MY2	Sonication	NA
MY23	MY2	MMP	ML_3	MMP	MMP-ML_3-MY2	Sonication	NA
MY23	MY2	MMP	ML_5	MMP	MMP-ML_5-MY2	Sonication	NA
MY23	MY2	MMP	ML_6	MMP	MMP-ML_6-MY2	Sonication	NA
MY23	MY2	MMP	ML_7	MMP	MMP-ML_7-MY2	Sonication	NA
MY23	MY23	Princeton1	PL_12	Princeton	Princeton1-PL_12-MY23	Sonication	NA
MY23	MY23	Princeton2	P	Princeton	Princeton2-P-MY23	Sonication	NA
NIC231	NIC232	BGI1	RET1	Andersen	BGI1-RET1-NIC232	Tagmentation	ILLUMINACLIP:NexteraPE-PE.fa:2:80:10 MINLEN:45
NIC231	NIC231	BGI1	RET4	Andersen	BGI1-RET4-NIC231	Tagmentation	ILLUMINACLIP:NexteraPE-PE.fa:2:80:10 MINLEN:45
NIC231	NIC232	BGI2	RET1	Andersen	BGI2-RET1-NIC232	Tagmentation	ILLUMINACLIP:NexteraPE-PE.fa:2:80:10 MINLEN:45
NIC231	NIC231	BGI2	RET4	Andersen	BGI2-RET4-NIC231	Tagmentation	ILLUMINACLIP:NexteraPE-PE.fa:2:80:10 MINLEN:45
NIC231	NIC232	BGI3	RET1b	Andersen	BGI3-RET1b-NIC232	Tagmentation	ILLUMINACLIP:NexteraPE-PE.fa:2:80:10 MINLEN:45
NIC231	NIC231	BGI3	RET4a	Andersen	BGI3-RET4a-NIC231	Tagmentation	ILLUMINACLIP:NexteraPE-PE.fa:2:80:10 MINLEN:45
QG2075	QG2075	UChicago	EA1	Andersen	UChicago-EA1-QG2075	Tagmentation	ILLUMINACLIP:NexteraPE-PE.fa:2:80:10 MINLEN:45
QG2075	QG2075	UChicago2	L007	Andersen	UChicago2-L007-QG2075	Tagmentation	ILLUMINACLIP:NexteraPE-PE.fa:2:80:10 MINLEN:45
NIC267	NIC267	UChicago	EA2	Andersen	UChicago-EA2-NIC267	Tagmentation	ILLUMINACLIP:NexteraPE-PE.fa:2:80:10 MINLEN:45
NIC267	NIC270	UChicago	EA2	Andersen	UChicago-EA2-NIC270	Tagmentation	ILLUMINACLIP:NexteraPE-PE.fa:2:80:10 MINLEN:45
NIC267	NIC267	UChicago2	L008	Andersen	UChicago2-L008-NIC267	Tagmentation	ILLUMINACLIP:NexteraPE-PE.fa:2:80:10 MINLEN:45
NIC267	NIC270	UChicago2	L008	Andersen	UChicago2-L008-NIC270	Tagmentation	ILLUMINACLIP:NexteraPE-PE.fa:2:80:10 MINLEN:45
NIC272	NIC273	UChicago	EA1	Andersen	UChicago-EA1-NIC273	Tagmentation	ILLUMINACLIP:NexteraPE-PE.fa:2:80:10 MINLEN:45
NIC272	NIC272	UChicago	EA2	Andersen	UChicago-EA2-NIC272	Tagmentation	ILLUMINACLIP:NexteraPE-PE.fa:2:80:10 MINLEN:45
NIC272	NIC273	UChicago2	L007	Andersen	UChicago2-L007-NIC273	Tagmentation	ILLUMINACLIP:NexteraPE-PE.fa:2:80:10 MINLEN:45
NIC272	NIC272	UChicago2	L008	Andersen	UChicago2-L008-NIC272	Tagmentation	ILLUMINACLIP:NexteraPE-PE.fa:2:80:10 MINLEN:45
QW947	QW947	UChicago	EA2	Andersen	UChicago-EA2-QW947	Tagmentation	ILLUMINACLIP:NexteraPE-PE.fa:2:80:10 MINLEN:45
QW947	QW947	UChicago2	L008	Andersen	UChicago2-L008-QW947	Tagmentation	ILLUMINACLIP:NexteraPE-PE.fa:2:80:10 MINLEN:45
PB306	ECA259	BGI1	RET2	Andersen	BGI1-RET2-ECA259	Tagmentation	ILLUMINACLIP:NexteraPE-PE.fa:2:80:10 MINLEN:45
PB306	ECA259	BGI2	RET2	Andersen	BGI2-RET2-ECA259	Tagmentation	ILLUMINACLIP:NexteraPE-PE.fa:2:80:10 MINLEN:45
PB306	ECA259	BGI3	RET2a	Andersen	BGI3-RET2a-ECA259	Tagmentation	ILLUMINACLIP:NexteraPE-PE.fa:2:80:10 MINLEN:45
PB306	ECA259	Princeton1	PL_9	Princeton	Princeton1-PL_9-ECA259	Sonication	NA
PS2025	PS2025	BGI1	RET7	Andersen	BGI1-RET7-PS2025	Tagmentation	ILLUMINACLIP:NexteraPE-PE.fa:2:80:10 MINLEN:45
PS2025	PS2025	BGI2	RET7	Andersen	BGI2-RET7-PS2025	Tagmentation	ILLUMINACLIP:NexteraPE-PE.fa:2:80:10 MINLEN:45
PS2025	PS2025	BGI3	RET7a	Andersen	BGI3-RET7a-PS2025	Tagmentation	ILLUMINACLIP:NexteraPE-PE.fa:2:80:10 MINLEN:45
PS2025	PS2025	Princeton1	PL_22	Princeton	Princeton1-PL_22-PS2025	Sonication	NA
QG557	QG557	BGI1	RET1	Andersen	BGI1-RET1-QG557	Tagmentation	ILLUMINACLIP:NexteraPE-PE.fa:2:80:10 MINLEN:45
QG557	QG557	BGI2	RET1	Andersen	BGI2-RET1-QG557	Tagmentation	ILLUMINACLIP:NexteraPE-PE.fa:2:80:10 MINLEN:45
QG557	QG557	BGI3	RET1b	Andersen	BGI3-RET1b-QG557	Tagmentation	ILLUMINACLIP:NexteraPE-PE.fa:2:80:10 MINLEN:45
PB303	PB303	BGI1	RET6	Andersen	BGI1-RET6-PB303	Tagmentation	ILLUMINACLIP:NexteraPE-PE.fa:2:80:10 MINLEN:45
PB303	PB303	BGI2	RET6	Andersen	BGI2-RET6-PB303	Tagmentation	ILLUMINACLIP:NexteraPE-PE.fa:2:80:10 MINLEN:45
PB303	PB303	BGI3	RET6b	Andersen	BGI3-RET6b-PB303	Tagmentation	ILLUMINACLIP:NexteraPE-PE.fa:2:80:10 MINLEN:45
PB303	PB303	Princeton1	PL_22	Princeton	Princeton1-PL_22-PB303	Sonication	NA
NIC195	NIC196	BGI1	RET2	Andersen	BGI1-RET2-NIC196	Tagmentation	ILLUMINACLIP:NexteraPE-PE.fa:2:80:10 MINLEN:45
NIC195	NIC197	BGI1	RET3	Andersen	BGI1-RET3-NIC197	Tagmentation	ILLUMINACLIP:NexteraPE-PE.fa:2:80:10 MINLEN:45
NIC195	NIC198	BGI1	RET4	Andersen	BGI1-RET4-NIC198	Tagmentation	ILLUMINACLIP:NexteraPE-PE.fa:2:80:10 MINLEN:45
NIC195	NIC195	BGI1	RET5	Andersen	BGI1-RET5-NIC195	Tagmentation	ILLUMINACLIP:NexteraPE-PE.fa:2:80:10 MINLEN:45
NIC195	NIC196	BGI2	RET2	Andersen	BGI2-RET2-NIC196	Tagmentation	ILLUMINACLIP:NexteraPE-PE.fa:2:80:10 MINLEN:45
NIC195	NIC197	BGI2	RET3	Andersen	BGI2-RET3-NIC197	Tagmentation	ILLUMINACLIP:NexteraPE-PE.fa:2:80:10 MINLEN:45
NIC195	NIC198	BGI2	RET4	Andersen	BGI2-RET4-NIC198	Tagmentation	ILLUMINACLIP:NexteraPE-PE.fa:2:80:10 MINLEN:45
NIC195	NIC195	BGI2	RET5	Andersen	BGI2-RET5-NIC195	Tagmentation	ILLUMINACLIP:NexteraPE-PE.fa:2:80:10 MINLEN:45
NIC195	NIC196	BGI3	RET2b	Andersen	BGI3-RET2b-NIC196	Tagmentation	ILLUMINACLIP:NexteraPE-PE.fa:2:80:10 MINLEN:45
NIC195	NIC197	BGI3	RET3a	Andersen	BGI3-RET3a-NIC197	Tagmentation	ILLUMINACLIP:NexteraPE-PE.fa:2:80:10 MINLEN:45
NIC195	NIC198	BGI3	RET4a	Andersen	BGI3-RET4a-NIC198	Tagmentation	ILLUMINACLIP:NexteraPE-PE.fa:2:80:10 MINLEN:45
NIC195	NIC195	BGI3	RET5a	Andersen	BGI3-RET5a-NIC195	Tagmentation	ILLUMINACLIP:NexteraPE-PE.fa:2:80:10 MINLEN:45
NIC2	NIC2	BGI1	RET2	Andersen	BGI1-RET2-NIC2	Tagmentation	ILLUMINACLIP:NexteraPE-PE.fa:2:80:10 MINLEN:45
NIC2	NIC2	BGI2	RET2	Andersen	BGI2-RET2-NIC2	Tagmentation	ILLUMINACLIP:NexteraPE-PE.fa:2:80:10 MINLEN:45
NIC2	NIC2	BGI3	RET2a	Andersen	BGI3-RET2a-NIC2	Tagmentation	ILLUMINACLIP:NexteraPE-PE.fa:2:80:10 MINLEN:45
NIC2	NIC2	Princeton1	PL_5	Princeton	Princeton1-PL_5-NIC2	Sonication	NA
NIC2	NIC2	Princeton1	PL_6	Princeton	Princeton1-PL_6-NIC2	Sonication	NA
PX179	PX179	BGI1	RET6	Andersen	BGI1-RET6-PX179	Tagmentation	ILLUMINACLIP:NexteraPE-PE.fa:2:80:10 MINLEN:45
PX179	PX179	BGI2	RET6	Andersen	BGI2-RET6-PX179	Tagmentation	ILLUMINACLIP:NexteraPE-PE.fa:2:80:10 MINLEN:45
PX179	PX179	BGI3	RET6a	Andersen	BGI3-RET6a-PX179	Tagmentation	ILLUMINACLIP:NexteraPE-PE.fa:2:80:10 MINLEN:45
PX179	PX179	Princeton1	PL_18	Princeton	Princeton1-PL_18-PX179	Sonication	NA
PX179	PX179	Princeton1	PL_19	Princeton	Princeton1-PL_19-PX179	Sonication	NA
PX179	PX179	Rockman	R096.2	Rockman	Rockman-R096.2-PX179	Sonication	NA
QG556	QG556	BGI1	RET2	Andersen	BGI1-RET2-QG556	Tagmentation	ILLUMINACLIP:NexteraPE-PE.fa:2:80:10 MINLEN:45
QG556	QG558	BGI1	RET7	Andersen	BGI1-RET7-QG558	Tagmentation	ILLUMINACLIP:NexteraPE-PE.fa:2:80:10 MINLEN:45
QG556	QG556	BGI2	RET2	Andersen	BGI2-RET2-QG556	Tagmentation	ILLUMINACLIP:NexteraPE-PE.fa:2:80:10 MINLEN:45
QG556	QG558	BGI2	RET7	Andersen	BGI2-RET7-QG558	Tagmentation	ILLUMINACLIP:NexteraPE-PE.fa:2:80:10 MINLEN:45
QG556	QG556	BGI3	RET2a	Andersen	BGI3-RET2a-QG556	Tagmentation	ILLUMINACLIP:NexteraPE-PE.fa:2:80:10 MINLEN:45
QG556	QG558	BGI3	RET7a	Andersen	BGI3-RET7a-QG558	Tagmentation	ILLUMINACLIP:NexteraPE-PE.fa:2:80:10 MINLEN:45
QX1793	QX1793	BGI1	RET2	Andersen	BGI1-RET2-QX1793	Tagmentation	ILLUMINACLIP:NexteraPE-PE.fa:2:80:10 MINLEN:45
QX1793	QX1793	BGI2	RET2	Andersen	BGI2-RET2-QX1793	Tagmentation	ILLUMINACLIP:NexteraPE-PE.fa:2:80:10 MINLEN:45
QX1793	QX1793	BGI3	RET2b	Andersen	BGI3-RET2b-QX1793	Tagmentation	ILLUMINACLIP:NexteraPE-PE.fa:2:80:10 MINLEN:45
QX1793	QX1793	Princeton1	PL_7	Princeton	Princeton1-PL_7-QX1793	Sonication	NA
QX1793	QX1793	Princeton1	PL_8	Princeton	Princeton1-PL_8-QX1793	Sonication	NA
QX1233	QX1233	BGI1	RET4	Andersen	BGI1-RET4-QX1233	Tagmentation	ILLUMINACLIP:NexteraPE-PE.fa:2:80:10 MINLEN:45
QX1233	QX1233	BGI2	RET4	Andersen	BGI2-RET4-QX1233	Tagmentation	ILLUMINACLIP:NexteraPE-PE.fa:2:80:10 MINLEN:45
QX1233	QX1233	BGI3	RET4b	Andersen	BGI3-RET4b-QX1233	Tagmentation	ILLUMINACLIP:NexteraPE-PE.fa:2:80:10 MINLEN:45
QX1233	QX1233	Princeton1	PL_22	Princeton	Princeton1-PL_22-QX1233	Sonication	NA
WN2002	WN2002	BGI1	RET5	Andersen	BGI1-RET5-WN2002	Tagmentation	ILLUMINACLIP:NexteraPE-PE.fa:2:80:10 MINLEN:45
WN2002	WN2002	BGI2	RET5	Andersen	BGI2-RET5-WN2002	Tagmentation	ILLUMINACLIP:NexteraPE-PE.fa:2:80:10 MINLEN:45
WN2002	WN2002	BGI3	RET5b	Andersen	BGI3-RET5b-WN2002	Tagmentation	ILLUMINACLIP:NexteraPE-PE.fa:2:80:10 MINLEN:45
QX1791	QX1791	BGI1	RET2	Andersen	BGI1-RET2-QX1791	Tagmentation	ILLUMINACLIP:NexteraPE-PE.fa:2:80:10 MINLEN:45
QX1791	QX1791	BGI2	RET2	Andersen	BGI2-RET2-QX1791	Tagmentation	ILLUMINACLIP:NexteraPE-PE.fa:2:80:10 MINLEN:45
QX1791	QX1791	BGI3	RET2b	Andersen	BGI3-RET2b-QX1791	Tagmentation	ILLUMINACLIP:NexteraPE-PE.fa:2:80:10 MINLEN:45
QX1791	QX1791	Princeton1	PL_3	Princeton	Princeton1-PL_3-QX1791	Sonication	NA
QX1791	QX1791	Princeton1	PL_4	Princeton	Princeton1-PL_4-QX1791	Sonication	NA
NIC3	NIC3	BGI1	RET3	Andersen	BGI1-RET3-NIC3	Tagmentation	ILLUMINACLIP:NexteraPE-PE.fa:2:80:10 MINLEN:45
NIC3	NIC4	BGI1	RET4	Andersen	BGI1-RET4-NIC4	Tagmentation	ILLUMINACLIP:NexteraPE-PE.fa:2:80:10 MINLEN:45
NIC3	NIC3	BGI2	RET3	Andersen	BGI2-RET3-NIC3	Tagmentation	ILLUMINACLIP:NexteraPE-PE.fa:2:80:10 MINLEN:45
NIC3	NIC4	BGI2	RET4	Andersen	BGI2-RET4-NIC4	Tagmentation	ILLUMINACLIP:NexteraPE-PE.fa:2:80:10 MINLEN:45
NIC3	NIC3	BGI3	RET3a	Andersen	BGI3-RET3a-NIC3	Tagmentation	ILLUMINACLIP:NexteraPE-PE.fa:2:80:10 MINLEN:45
NIC3	NIC4	BGI3	RET4a	Andersen	BGI3-RET4a-NIC4	Tagmentation	ILLUMINACLIP:NexteraPE-PE.fa:2:80:10 MINLEN:45
NIC3	NIC3	Princeton1	PL_5	Princeton	Princeton1-PL_5-NIC3	Sonication	NA
NIC3	NIC3	Princeton1	PL_6	Princeton	Princeton1-PL_6-NIC3	Sonication	NA
NIC3	NIC4	Princeton1	PL_7	Princeton	Princeton1-PL_7-NIC4	Sonication	NA
NIC3	NIC4	Princeton1	PL_8	Princeton	Princeton1-PL_8-NIC4	Sonication	NA
QX1792	QX1792	BGI1	RET2	Andersen	BGI1-RET2-QX1792	Tagmentation	ILLUMINACLIP:NexteraPE-PE.fa:2:80:10 MINLEN:45
QX1792	QX1792	BGI2	RET2	Andersen	BGI2-RET2-QX1792	Tagmentation	ILLUMINACLIP:NexteraPE-PE.fa:2:80:10 MINLEN:45
QX1792	QX1792	BGI3	RET2b	Andersen	BGI3-RET2b-QX1792	Tagmentation	ILLUMINACLIP:NexteraPE-PE.fa:2:80:10 MINLEN:45
QX1792	QX1792	Princeton1	PL_5	Princeton	Princeton1-PL_5-QX1792	Sonication	NA
QX1792	QX1792	Princeton1	PL_6	Princeton	Princeton1-PL_6-QX1792	Sonication	NA
QX1792	QX1792	UChicago	EA1	Andersen	UChicago-EA1-QX1792	Tagmentation	ILLUMINACLIP:NexteraPE-PE.fa:2:80:10 MINLEN:45
QX1792	QX1792	UChicago2	L007	Andersen	UChicago2-L007-QX1792	Tagmentation	ILLUMINACLIP:NexteraPE-PE.fa:2:80:10 MINLEN:45
QX1794	QX1794	BGI1	RET2	Andersen	BGI1-RET2-QX1794	Tagmentation	ILLUMINACLIP:NexteraPE-PE.fa:2:80:10 MINLEN:45
QX1794	QX1794	BGI2	RET2	Andersen	BGI2-RET2-QX1794	Tagmentation	ILLUMINACLIP:NexteraPE-PE.fa:2:80:10 MINLEN:45
QX1794	QX1794	BGI3	RET2b	Andersen	BGI3-RET2b-QX1794	Tagmentation	ILLUMINACLIP:NexteraPE-PE.fa:2:80:10 MINLEN:45
RC301	RC301	BGI1	RET5	Andersen	BGI1-RET5-RC301	Tagmentation	ILLUMINACLIP:NexteraPE-PE.fa:2:80:10 MINLEN:45
RC301	RC301	BGI2	RET5	Andersen	BGI2-RET5-RC301	Tagmentation	ILLUMINACLIP:NexteraPE-PE.fa:2:80:10 MINLEN:45
RC301	RC301	BGI3	RET5a	Andersen	BGI3-RET5a-RC301	Tagmentation	ILLUMINACLIP:NexteraPE-PE.fa:2:80:10 MINLEN:45
RC301	PX174	MMP	ML_2	MMP	MMP-ML_2-PX174	Sonication	NA
RC301	PX174	MMP	ML_3	MMP	MMP-ML_3-PX174	Sonication	NA
RC301	PX174	MMP	ML_5	MMP	MMP-ML_5-PX174	Sonication	NA
RC301	PX174	MMP	ML_6	MMP	MMP-ML_6-PX174	Sonication	NA
RC301	PX174	MMP	ML_7	MMP	MMP-ML_7-PX174	Sonication	NA
RC301	RC301	Princeton1	PL_18	Princeton	Princeton1-PL_18-RC301	Sonication	NA
RC301	RC301	Princeton1	PL_19	Princeton	Princeton1-PL_19-RC301	Sonication	NA
RC301	RC301	Rockman	R076.3	Rockman	Rockman-R076.3-RC301	Sonication	NA
RC301	RC301	Rockman	R076.4	Rockman	Rockman-R076.4-RC301	Sonication	NA
RC301	PX174	Rockman	R083.8	Rockman	Rockman-R083.8-PX174	Sonication	NA
QG536	QG536	BGI1	RET5	Andersen	BGI1-RET5-QG536	Tagmentation	ILLUMINACLIP:NexteraPE-PE.fa:2:80:10 MINLEN:45
QG536	QG538	BGI1	RET6	Andersen	BGI1-RET6-QG538	Tagmentation	ILLUMINACLIP:NexteraPE-PE.fa:2:80:10 MINLEN:45
QG536	QG537	BGI1	RET7	Andersen	BGI1-RET7-QG537	Tagmentation	ILLUMINACLIP:NexteraPE-PE.fa:2:80:10 MINLEN:45
QG536	QG536	BGI2	RET5	Andersen	BGI2-RET5-QG536	Tagmentation	ILLUMINACLIP:NexteraPE-PE.fa:2:80:10 MINLEN:45
QG536	QG538	BGI2	RET6	Andersen	BGI2-RET6-QG538	Tagmentation	ILLUMINACLIP:NexteraPE-PE.fa:2:80:10 MINLEN:45
QG536	QG537	BGI2	RET7	Andersen	BGI2-RET7-QG537	Tagmentation	ILLUMINACLIP:NexteraPE-PE.fa:2:80:10 MINLEN:45
QG536	QG536	BGI3	RET5b	Andersen	BGI3-RET5b-QG536	Tagmentation	ILLUMINACLIP:NexteraPE-PE.fa:2:80:10 MINLEN:45
QG536	QG538	BGI3	RET6b	Andersen	BGI3-RET6b-QG538	Tagmentation	ILLUMINACLIP:NexteraPE-PE.fa:2:80:10 MINLEN:45
QG536	QG537	BGI3	RET7b	Andersen	BGI3-RET7b-QG537	Tagmentation	ILLUMINACLIP:NexteraPE-PE.fa:2:80:10 MINLEN:45
QG536	QG537	Princeton1	PL_21	Princeton	Princeton1-PL_21-QG537	Sonication	NA
QG536	QG538	Princeton1	PL_3	Princeton	Princeton1-PL_3-QG538	Sonication	NA
QG536	QG538	Princeton1	PL_4	Princeton	Princeton1-PL_4-QG538	Sonication	NA
QG536	QG536	Princeton1	PL_7	Princeton	Princeton1-PL_7-QG536	Sonication	NA
QG536	QG537	Princeton1	PL_7	Princeton	Princeton1-PL_7-QG537	Sonication	NA
QG536	QG536	Princeton1	PL_8	Princeton	Princeton1-PL_8-QG536	Sonication	NA
QG536	QG537	Princeton1	PL_8	Princeton	Princeton1-PL_8-QG537	Sonication	NA
QX1212	QX1212	BGI1	RET4	Andersen	BGI1-RET4-QX1212	Tagmentation	ILLUMINACLIP:NexteraPE-PE.fa:2:80:10 MINLEN:45
QX1212	QX1213	BGI1	RET5	Andersen	BGI1-RET5-QX1213	Tagmentation	ILLUMINACLIP:NexteraPE-PE.fa:2:80:10 MINLEN:45
QX1212	QX1214	BGI1	RET6	Andersen	BGI1-RET6-QX1214	Tagmentation	ILLUMINACLIP:NexteraPE-PE.fa:2:80:10 MINLEN:45
QX1212	QX1212	BGI2	RET4	Andersen	BGI2-RET4-QX1212	Tagmentation	ILLUMINACLIP:NexteraPE-PE.fa:2:80:10 MINLEN:45
QX1212	QX1213	BGI2	RET5	Andersen	BGI2-RET5-QX1213	Tagmentation	ILLUMINACLIP:NexteraPE-PE.fa:2:80:10 MINLEN:45
QX1212	QX1214	BGI2	RET6	Andersen	BGI2-RET6-QX1214	Tagmentation	ILLUMINACLIP:NexteraPE-PE.fa:2:80:10 MINLEN:45
QX1212	QX1212	BGI3	RET4a	Andersen	BGI3-RET4a-QX1212	Tagmentation	ILLUMINACLIP:NexteraPE-PE.fa:2:80:10 MINLEN:45
QX1212	QX1213	BGI3	RET5b	Andersen	BGI3-RET5b-QX1213	Tagmentation	ILLUMINACLIP:NexteraPE-PE.fa:2:80:10 MINLEN:45
QX1212	QX1214	BGI3	RET6a	Andersen	BGI3-RET6a-QX1214	Tagmentation	ILLUMINACLIP:NexteraPE-PE.fa:2:80:10 MINLEN:45
QX1212	QX1214	Princeton1	PL_21	Princeton	Princeton1-PL_21-QX1214	Sonication	NA
QX1212	QX1212	Princeton1	PL_5	Princeton	Princeton1-PL_5-QX1212	Sonication	NA
QX1212	QX1213	Princeton1	PL_5	Princeton	Princeton1-PL_5-QX1213	Sonication	NA
QX1212	QX1212	Princeton1	PL_6	Princeton	Princeton1-PL_6-QX1212	Sonication	NA
QX1212	QX1213	Princeton1	PL_6	Princeton	Princeton1-PL_6-QX1213	Sonication	NA
QX1212	QX1214	Princeton1	PL_7	Princeton	Princeton1-PL_7-QX1214	Sonication	NA
QX1212	QX1214	Princeton1	PL_8	Princeton	Princeton1-PL_8-QX1214	Sonication	NA
QX1211	QX1211	BGI1	RET3	Andersen	BGI1-RET3-QX1211	Tagmentation	ILLUMINACLIP:NexteraPE-PE.fa:2:80:10 MINLEN:45
QX1211	QX1215	BGI1	RET3	Andersen	BGI1-RET3-QX1215	Tagmentation	ILLUMINACLIP:NexteraPE-PE.fa:2:80:10 MINLEN:45
QX1211	QX1216	BGI1	RET7	Andersen	BGI1-RET7-QX1216	Tagmentation	ILLUMINACLIP:NexteraPE-PE.fa:2:80:10 MINLEN:45
QX1211	QX1211	BGI2	RET3	Andersen	BGI2-RET3-QX1211	Tagmentation	ILLUMINACLIP:NexteraPE-PE.fa:2:80:10 MINLEN:45
QX1211	QX1215	BGI2	RET3	Andersen	BGI2-RET3-QX1215	Tagmentation	ILLUMINACLIP:NexteraPE-PE.fa:2:80:10 MINLEN:45
QX1211	QX1216	BGI2	RET7	Andersen	BGI2-RET7-QX1216	Tagmentation	ILLUMINACLIP:NexteraPE-PE.fa:2:80:10 MINLEN:45
QX1211	QX1211	BGI3	RET3a	Andersen	BGI3-RET3a-QX1211	Tagmentation	ILLUMINACLIP:NexteraPE-PE.fa:2:80:10 MINLEN:45
QX1211	QX1215	BGI3	RET3b	Andersen	BGI3-RET3b-QX1215	Tagmentation	ILLUMINACLIP:NexteraPE-PE.fa:2:80:10 MINLEN:45
QX1211	QX1216	BGI3	RET7b	Andersen	BGI3-RET7b-QX1216	Tagmentation	ILLUMINACLIP:NexteraPE-PE.fa:2:80:10 MINLEN:45
QX1211	QX1211	Princeton1	PL_1	Princeton	Princeton1-PL_1-QX1211	Sonication	NA
QX1211	QX1215	Princeton1	PL_7	Princeton	Princeton1-PL_7-QX1215	Sonication	NA
QX1211	QX1215	Princeton1	PL_8	Princeton	Princeton1-PL_8-QX1215	Sonication	NA
QX1211	QX1211	Rockman	R106.4	Rockman	Rockman-R106.4-QX1211	Sonication	NA
WN2001	WN2014	BGI1	RET4	Andersen	BGI1-RET4-WN2014	Tagmentation	ILLUMINACLIP:NexteraPE-PE.fa:2:80:10 MINLEN:45
WN2001	WN2011	BGI1	RET5	Andersen	BGI1-RET5-WN2011	Tagmentation	ILLUMINACLIP:NexteraPE-PE.fa:2:80:10 MINLEN:45
WN2001	WN2018	BGI1	RET5	Andersen	BGI1-RET5-WN2018	Tagmentation	ILLUMINACLIP:NexteraPE-PE.fa:2:80:10 MINLEN:45
WN2001	WN2001	BGI1	RET6	Andersen	BGI1-RET6-WN2001	Tagmentation	ILLUMINACLIP:NexteraPE-PE.fa:2:80:10 MINLEN:45
WN2001	WN2017	BGI1	RET6	Andersen	BGI1-RET6-WN2017	Tagmentation	ILLUMINACLIP:NexteraPE-PE.fa:2:80:10 MINLEN:45
WN2001	WN2010	BGI1	RET7	Andersen	BGI1-RET7-WN2010	Tagmentation	ILLUMINACLIP:NexteraPE-PE.fa:2:80:10 MINLEN:45
WN2001	WN2013	BGI1	RET7	Andersen	BGI1-RET7-WN2013	Tagmentation	ILLUMINACLIP:NexteraPE-PE.fa:2:80:10 MINLEN:45
WN2001	WN2016	BGI1	RET7	Andersen	BGI1-RET7-WN2016	Tagmentation	ILLUMINACLIP:NexteraPE-PE.fa:2:80:10 MINLEN:45
WN2001	WN2019	BGI1	RET7	Andersen	BGI1-RET7-WN2019	Tagmentation	ILLUMINACLIP:NexteraPE-PE.fa:2:80:10 MINLEN:45
WN2001	WN2020	BGI1	RET7	Andersen	BGI1-RET7-WN2020	Tagmentation	ILLUMINACLIP:NexteraPE-PE.fa:2:80:10 MINLEN:45
WN2001	WN2014	BGI2	RET4	Andersen	BGI2-RET4-WN2014	Tagmentation	ILLUMINACLIP:NexteraPE-PE.fa:2:80:10 MINLEN:45
WN2001	WN2011	BGI2	RET5	Andersen	BGI2-RET5-WN2011	Tagmentation	ILLUMINACLIP:NexteraPE-PE.fa:2:80:10 MINLEN:45
WN2001	WN2018	BGI2	RET5	Andersen	BGI2-RET5-WN2018	Tagmentation	ILLUMINACLIP:NexteraPE-PE.fa:2:80:10 MINLEN:45
WN2001	WN2001	BGI2	RET6	Andersen	BGI2-RET6-WN2001	Tagmentation	ILLUMINACLIP:NexteraPE-PE.fa:2:80:10 MINLEN:45
WN2001	WN2017	BGI2	RET6	Andersen	BGI2-RET6-WN2017	Tagmentation	ILLUMINACLIP:NexteraPE-PE.fa:2:80:10 MINLEN:45
WN2001	WN2010	BGI2	RET7	Andersen	BGI2-RET7-WN2010	Tagmentation	ILLUMINACLIP:NexteraPE-PE.fa:2:80:10 MINLEN:45
WN2001	WN2013	BGI2	RET7	Andersen	BGI2-RET7-WN2013	Tagmentation	ILLUMINACLIP:NexteraPE-PE.fa:2:80:10 MINLEN:45
WN2001	WN2016	BGI2	RET7	Andersen	BGI2-RET7-WN2016	Tagmentation	ILLUMINACLIP:NexteraPE-PE.fa:2:80:10 MINLEN:45
WN2001	WN2019	BGI2	RET7	Andersen	BGI2-RET7-WN2019	Tagmentation	ILLUMINACLIP:NexteraPE-PE.fa:2:80:10 MINLEN:45
WN2001	WN2020	BGI2	RET7	Andersen	BGI2-RET7-WN2020	Tagmentation	ILLUMINACLIP:NexteraPE-PE.fa:2:80:10 MINLEN:45
WN2001	WN2021	BGI3	RET1b	Andersen	BGI3-RET1b-WN2021	Tagmentation	ILLUMINACLIP:NexteraPE-PE.fa:2:80:10 MINLEN:45
WN2001	WN2014	BGI3	RET4b	Andersen	BGI3-RET4b-WN2014	Tagmentation	ILLUMINACLIP:NexteraPE-PE.fa:2:80:10 MINLEN:45
WN2001	WN2011	BGI3	RET5b	Andersen	BGI3-RET5b-WN2011	Tagmentation	ILLUMINACLIP:NexteraPE-PE.fa:2:80:10 MINLEN:45
WN2001	WN2018	BGI3	RET5b	Andersen	BGI3-RET5b-WN2018	Tagmentation	ILLUMINACLIP:NexteraPE-PE.fa:2:80:10 MINLEN:45
WN2001	WN2001	BGI3	RET6b	Andersen	BGI3-RET6b-WN2001	Tagmentation	ILLUMINACLIP:NexteraPE-PE.fa:2:80:10 MINLEN:45
WN2001	WN2017	BGI3	RET6b	Andersen	BGI3-RET6b-WN2017	Tagmentation	ILLUMINACLIP:NexteraPE-PE.fa:2:80:10 MINLEN:45
WN2001	WN2010	BGI3	RET7b	Andersen	BGI3-RET7b-WN2010	Tagmentation	ILLUMINACLIP:NexteraPE-PE.fa:2:80:10 MINLEN:45
WN2001	WN2013	BGI3	RET7b	Andersen	BGI3-RET7b-WN2013	Tagmentation	ILLUMINACLIP:NexteraPE-PE.fa:2:80:10 MINLEN:45
WN2001	WN2016	BGI3	RET7b	Andersen	BGI3-RET7b-WN2016	Tagmentation	ILLUMINACLIP:NexteraPE-PE.fa:2:80:10 MINLEN:45
WN2001	WN2019	BGI3	RET7b	Andersen	BGI3-RET7b-WN2019	Tagmentation	ILLUMINACLIP:NexteraPE-PE.fa:2:80:10 MINLEN:45
WN2001	WN2020	BGI3	RET7b	Andersen	BGI3-RET7b-WN2020	Tagmentation	ILLUMINACLIP:NexteraPE-PE.fa:2:80:10 MINLEN:45
WN2001	WN2001	Princeton1	PL_3	Princeton	Princeton1-PL_3-WN2001	Sonication	NA
WN2001	WN2001	Princeton1	PL_4	Princeton	Princeton1-PL_4-WN2001	Sonication	NA
