Strain	Isotype	Source Lab	Isolated By	Sampled By	Latitude	Longitude	City	State	Country	Isolation Date	notes
AB1	AB1	CGC	D. Riddle and A. Bird	D. Riddle and A. Bird	-34.93	138.59	Adelaide	South Australia	Australia	only year (1983) is known	Tc1 pattern VII
AB2	CB4858	CGC	D. Riddle and A. Bird	D. Riddle and A. Bird	-34.93	138.59	Adelaide	South Australia	Australia	only year (1983) is known	Sampled at the Australian Wine Institute grounds
AB3	CB4858	CGC	D. Riddle and A. Bird	D. Riddle and A. Bird	-34.93	138.59	Adelaide	South Australia	Australia	only year (1983) is known	Sampled at the Waite Agricultural Research Institue nursery plots
AB4	CB4858	CGC	D. Riddle and A. Bird	D. Riddle and A. Bird	-34.93	138.59	Adelaide	South Australia	Australia	only year (1983) is known	Tc1 pattern VIII
BRC20067	BRC20067	BRC	C.-Y. Kao	J.Wang	24.072954	121.169736	""	Taiwan Province	Taiwan	2012-01-13	
CB4852	CB4852	CGC		Unknown			""	""	""	pre-1966	Isolated by workers at Imperial College, London. Obtained by S. Brenner in 1966 and kept in liquid medium for three years before freezing
CB4854	CB4854	CGC	C.D. Johnson	C.D. Johnson	34.189	-118.131	Altadena	California	United States	only month/year is known (December 1973)	CGC says Isolated in May 1974 from vegetable garden on Garfias St, Altadena, California USA, Noted as identical to CB3198 by Hodgkin and Doniach. Hodgkin and Doniach say isolated December 1973
CB4856	CB4856	CGC	L. Hollen	L. Hollen	21.33	-157.86	Honolulu	Hawaii	United States	1972-08-01	Isolated from an unknown Hawaiian island pineapple field
CB4932	CB4932	CGC	P.S. Grewal	P.S. Grewal	51.02	-3.1	Taunton	England	United Kingdom	pre-1991	unique Tc1 pattern
CX11254	CX11254	CX	A. Sivasundar	A. Sivasundar	34.130138	-118.114835	Los Angeles	California	United States	exact location in garden is unknown	isolated in Huntington Gardens
CX11262	CX11262	CX	A. Sivasundar	A. Sivasundar	34.130138	-118.114835	San Marino	California	United States	exact location in garden is unknown	isolated in Huntington Gardens
CX11264	CX11264	CX	A. Sivasundar	A. Sivasundar	34.130138	-118.114835	San Marino	California	United States	exact location in garden is unknown	isolated in Huntington Gardens
CX11271	CX11271	CX	A. Sivasundar	A. Sivasundar	34.13712	-118.12532	Pasadena	California	United States	exact location at CalTech is unknown	isolated at California Institue of Technology
CX11276	CX11276	CX	A. Sivasundar	A. Sivasundar	34.20111	-118.21198	La Cañada Flintridge	California	United States	exact location in garden is unknown	isolated at Decanso Gardens
CX11285	CX11285	CX	A. Sivasundar	A. Sivasundar	34.14331	-118.05496	Arcadia	California	United States	exact location is unknown	isolated in Los Angeles Arboretum
CX11292	CX11292	CX	A. Sivasundar	A. Sivasundar	34.13531	-118.30582	Los Angeles	California	United States	exact location in park is unknown	isolated in Griffith Park
CX11307	CX11307	CX	A. Sivasundar	A. Sivasundar	34.12946	-118.10987	San Marino	California	United States	exact location in garden is unknown	isolated in Huntington Gardens
CX11314	CX11314	CX	A. Sivasundar	A. Sivasundar	34.12946	-118.10987	San Marino	California	United States	exact location in garden is unknown	isolated in Huntington Gardens
CX11315	CX11315	CX	A. Sivasundar	A. Sivasundar	34.12946	-118.10987	San Marino	California	United States	exact location in garden is unknown	isolated in Huntington Gardens
DL200	DL200	DL	D. Denver	D. Denver	9.03	38.74	Addis Ababa	Oromia	Ethiopia	only year and month (Dec. 2007) are known	
DL226	DL226	DL	C. Hilburn	C. Hilburn	44.5633	-123.2821	Corvallis	Oregon	United States	only year (2008) is known	
DL238	DL238	DL	J. Knapp	J. Knapp	19.22	-155.82	Captain Cook	Hawaii	United States	2008-07-15	
ECA243	CB4851	CGC	V. Nigon	V. Nigon	44.85	0.48	Bergerac	Aquitaine	France	pre-1949	Isolated before 1949, kept in the laboratory of J. Brun for many years, N62 culture named and frozen by S. Brenner, same culture at RW7000. Tc1 pattern HCB.
ECA245	CB4853	CGC		C.D. Johnson	34.171	-118.131	Altadena	California	United States	only month/year is known (May 1974)	Low copy Tc1; pattern III
ECA246	CB4853	CB		C.D. Johnson	34.189	-118.131	Altadena	California	United States	only month/year is known (May 1974)	Low copy Tc1; pattern III
ECA248	CB4855	CB		T. Doniach	37.44	-122.14	Palo Alto	California	United States	only year (1982) is known	Low copy Tc1, pattern VI
ECA249	CB4857	CB		E.M. Hedgecock	34.096	-117.719	Claremont	California	United States	only month/year is known (November 1972)	Low copy Tc1, pattern II
ECA250	CB4857	CB		E.M. Hedgecock	34.096	-117.719	Claremont	California	United States	only month/year is known (November 1972)	Low copy Tc1, pattern II
ECA251	CB4858	CGC		E.M. Hedgecock	34.1	-118.1	San Gabriel	California	United States	only year (1973) is known; collected in the summer	this is a stock of PA1 that was sent to the Emmons lab and found to have a low Tc1copy number (as compared to CB4555).
ECA252	ECA252	CB		E.M. Hedgecock	34.1	-118.1	San Gabriel	California	United States	only year (1973) is known; collected in the summer	this is a stock of PA1 that was sent to the Emmons lab and found to have a low Tc1copy number (as compared to CB4555).
ECA253	N2	CGC		W. Nicholas	51.45	-2.59	Bristol	England	United Kingdom	only year (1951) is known	""
ECA254	N2	CFB		W. Nicholas	51.45	-2.59	Bristol	England	United Kingdom	only year (1951) is known	""
ECA259	PB306	CGC	S. Baird	S. Baird			""	""	""	1998-11-28	Porcellio scaber obtained from Connecticut Valley Biological Supply
ECA36	ECA36	ECA	K. Ly	I. Ly	-36.893333	174.745529	Auckland	Auckland	New Zealand	2013-07-27	
ED3005	ED3005	VX	A. Cutter	A. Cutter	55.94	-3.36	Ingliston	Scotland	United Kingdom	2004-10-25	from a West Mains allotment public vegetable garden near Edinburgh Scotland
ED3011	ED3011	VX	A. Cutter	A. Cutter	55.92	-3.19	Edinburgh	Scotland	United Kingdom	2004-11-11	isolated from Midmar Allotment public vegetable garden (field 1 plot 39)
ED3012	ED3012	VX	A. Cutter	A. Cutter	55.92	-3.19	Edinburgh	Scotland	United Kingdom	2004-11-26	isolated from Midmar Allotment public vegetable garden (field 1 plot 39)
ED3017	ED3017	VX	A. Cutter	A. Cutter	55.92	-3.19	Edinburgh	Scotland	United Kingdom	2004-12-03	isolated from Midmar Allotment public vegetable garden
ED3021	ED3005	VX	A. Cutter	A. Cutter	55.92	-3.19	Edinburgh	Scotland	United Kingdom	2004-12-03	isolated from Midmar Allotment public vegetable garden (field 1 plot 39)
ED3040	ED3040	VX	E. Dolgin	E. Dolgin	-26.166667	28.016667	Randburg	Gauteng	South Africa	2006-05-05	Isolated from compost from Jenny Pettifor's garden in the Paview neighborhood in Johannesburg, South Africa
ED3042	ED3048	VX	E. Dolgin	E. Dolgin	-33.366667	19.316667	""	Western Cape	South Africa	2006-05-05	Isolated from compost at a plant nursery at the Ceres Fruit Farms in the Western Cape province near Ceres
ED3046	ED3046	VX	E. Dolgin	E. Dolgin	-33.366667	19.316667	""	Western Cape	South Africa	2006-05-05	Isolated from compost at a plant nursery at the Ceres Fruit Farms in the Western Cape province near Ceres
ED3048	ED3048	VX	E. Dolgin	E. Dolgin	-33.366667	19.316667	""	Western Cape	South Africa	2006-04-02	Isolated from compost at a plant nursery at the Ceres Fruit Farms in the Western Cape province near Ceres
ED3049	ED3049	VX	E. Dolgin	E. Dolgin	-33.366667	19.316667	""	Western Cape	South Africa	2006-04-02	Isolated from compost at a plant nursery at the Ceres Fruit Farms in the Western Cape province near Ceres
ED3052	ED3052	VX	E. Dolgin	E. Dolgin	-33.366667	19.316667	""	Western Cape	South Africa	2006-05-05	Isolated from compost at a plant nursery at the Ceres Fruit Farms in the Western Cape province near Ceres
ED3057	ED3073	""	""	""			""	""	""	""	""
ED3072	ED3073	""	""	""			""	""	""	""	""
ED3073	ED3073	VX	E. Dolgin	E. Dolgin	-1.083333	36.65	""	Nakuru	Kenya	2006-05-17	Isolated from compost from the Olive Mushroom Farms near the town of Limuru, Kenya
ED3077	ED3077	VX	E. Dolgin	E. Dolgin	-1.316667	36.8	""	Kajiado	Kenya	2006-05-17	solated from leaf litter from the Uhuru Gardens public park in the south part
EG4347	EG4347	EG	M. Ailion	M. Ailion	44.04789	-123.07108	Eugene	Oregon	United States	2006-10-09	
EG4348	EG4349	EG	M. Ailion	M. Ailion	40.77167	-111.87316	Salt Lake City	Utah	United States	2006-10-02	
EG4349	EG4349	EG	M. Ailion	M. Ailion	40.771467	-111.87316	Salt Lake City	Utah	United States	2006-10-02	
EG4724	EG4724	EG	M. Ailion	M. Ailion	41.6288	-8.3476	Amares	Braga	Portugal	2007-03-28	
EG4725	EG4725	EG	M. Ailion	M. Ailion	41.6288	-8.3476	Amares	Braga	Portugal	2007-03-28	
EG4946	EG4946	EG	M. Ailion	G. Hollopeter	40.72596	-111.82184	Salt Lake City	Utah	United States	2007-09-27	
GXW1	GXW1	VX	G. Wang	G. Wang	30.542889	114.419828	Wuhan Shi	Hubei Sheng	China	2010-11-05	soil under kiwi fruit in botanical garden
JT11398	JT11398	JT	J. Kemner	J. Kemner	47.763944	-122.275484	Lake Forest Park	Washington	United States	2003-12-01	Isolated from worm bin in contact with soil at 18704 50th Ave Lake Forest Park, WA outside of Seattle. Bin was fed kitchen scraps and espresso ground. Isolated by single worm pick from fluidized worm castings. Fertile with C. elegans males.
JU1088	JU1088	JU	M-A. Félix	M-A. Félix	34.7613	138.0149	Kakegawa-shi	Shizuoka-ken	Japan	2007-03-14	Isolated by MAF from soil sampled on 14 March 2007 in the Kacho-en aviary in Kakegawa, Shizuoka prefecture, Japan. May not be independent from JU1083; was contaminated with a Microbacterium nematophilum-like phenotype (frozen in Q47).
JU1172	JU1172	JU	M-A. Félix	M-A. Félix	-36.87	-73.04	Concepción	Región del Bío Bío	Chile	only month/year (April 2007) is known	Isolated from a sample of soil (compost) in a pot with rotting tomatoes collected in April 2007 in Concepcion, Chile, in the Villuco area, 3 km SE of the town.
JU1200	JU1200	JU	T. Page	T. Page	55.577	-4.6	Dundonald	Scotland	United Kingdom	2007-08-01	Isolated by Tony Page from a compost heap sample recovered on 1 Aug 2007 in SouthWest Scotland 4°36.0’ West 55°34.6’ North.
JU1212	JU1212	JU	M-A. Félix	M-A. Félix	48.71	-3.81	Plougasnou	Bretagne	France	2007-09-24	Isolated by MAF from a rotting arum stem collected on 24 Sep 07 behind the water reservoir in Primel, France.
JU1213	JU1213	JU	M-A. Félix	M-A. Félix	48.71	-3.81	Plougasnou	Bretagne	France	2007-09-24	Isolated by MAF from a rotting apple collected on 24 Sep 07 in Primel, France.
JU1242	JU1242	JU	M-A. Félix	M-A. Félix	49.1269	1.9595	Marines	Île-de-France	France	2007-10-14	Isolated from a small black slug (Deroceras?) collected in Santeuil, Viosne valley, Val d’Oise, on 14 Oct 07 below the apple tree with apples #6&7. Not bleached.
JU1246	JU1246	JU	M-A. Félix	M-A. Félix	49.12618	1.96152	Marines	Île-de-France	France	2007-10-14	Isolated from a rotting apple (#14) collected above Santeuil, Viosne valley, Val d’Oise, on 14 Oct 07. Egl adult on 15 Oct. Bleached.
JU1395	JU1395	JU	M-A. Félix	M-A. Félix	47.2199	0.04619	Montsoreau	Pays de la Loire	France	2008-03-01	Isolated from shiitake mushroom compost remains outside the mushroom farm “Le Saut-aux-Loups”, Montsoreau (49), France, sampled 1/3/2008. Not independent from JU1394.
JU1400	JU1400	JU	M-A. Félix	M-A. Félix	37.3845	-5.988	Sevilla	Andalucía	Spain	2008-03-29	Isolated from rotting orange fruits, Garden Catalina de Ribera, Sevilla, Spain sampled on 29 Mar 08 by MAF. Not bleached.
JU1401	JU1409	JU	M-A. Félix	M-A. Félix	37.4721	-5.6331	Carmona	Andalusia	Spain	2008-03-31	Isolated from Rumina decollata snail #4, sampled in front of the Parador of Carmona, Spain on 31 Mar 08 by MAF. Plated 3 Apr 08. Isolated as adult on 9 Apr 08.
JU1409	JU1409	JU	M-A. Félix	M-A. Félix	37.468	-5.637	Carmona	Andalucía	Spain	2008-03-31	Isolated from rotting Opuntia ficus-indica cactus fruit, sampled next to the road below the Parador of Carmona, Spain on 31 Mar 08 by MAF (approx. 400 m from JU1400-8). Plated 3 Apr 08. Isolated as adult on 4 Apr 08 (large population). Not bleached, contaminants kept.
JU1440	JU1440	JU	M-A. Félix	M-A. Félix	41.41307	2.15231	Barcelona	Catalunya	Spain	2008-06-09	Isolated from rotting palm fruit sampled by MAF on 9 June 2008 in the Park Guëll, Barcelona, Spain. Picked as young adult on 11 June 2008.
JU1491	JU1491	JU	M-A. Félix	M-A. Félix	46.63	1.06	Le Blanc	Centre	France	2008-08-17	Isolated from rotting Arum maculata stems sampled on 17 Aug 2008 by MAF in woods near Le Blanc (Indre, France). Plated on 18 Aug, picked as a L4 larva on 18 Aug.
JU1516	JU1581	JU	M-A. Félix	M-A. Félix	48.7015	2.1725	Orsay	Île-de-France	France	2008-09-09	Isolated from a rotting apple O13 (ca. 10 m from O11), sampled in the Orsay orchard on 9 Sep 2008 ca. 13:00, plated ca. 18:00, picked as adult on 10 Sep.
JU1530	JU1530	JU	M-A. Félix	M-A. Félix	48.7015	2.1725	Orsay	Île-de-France	France	2008-09-09	Isolated from a rotting apple O21 (tree “Wealthy”, like O20), sampled in the Orsay orchard on 9 Sep 2008 ca. 14:00, plated ca. 18:00, picked as adult ca. 20:00.
JU1568	JU1568	JU	M-A. Félix	M-A. Félix	48.8092	2.3862	Ivry-sur-Seine	Île-de-France	France	2008-10-05	Isolated from a rotting Petasites stem (#I5) in Ivry-sur-Seine (Val de Marne), France, sampled on 5 Oct 2008. Plated on 6 Oct. Isolated as an adult on 6 Oct.
JU1580	JU1580	JU	M-A. Félix	M-A. Félix	48.7015	2.1725	Orsay	Île-de-France	France	2008-10-06	Isolated from rotting apple O87 (Calville Rouge d’Oullins) sampled by MAF in the Orsay (Essonne, France) orchard on 6 Oct 2008. Plated on 6 Oct, isolated as a L4 on 7 Oct.
JU1581	JU1581	JU	M-A. Félix	M-A. Félix	48.7015	2.1725	Orsay	Île-de-France	France	2008-10-23	Isolated from rotting apple O134 (Calville d’Août) sampled by MAF in the Orsay (Essonne, France) orchard on 23 Oct 2008. Plated on 23 Oct, picked as a L2d on 23 Oct.
JU1586	JU1586	JU	M-A. Félix	M-A. Félix	46.63	1.06	Le Blanc	Centre	France	2008-11-03	Isolated from rotting grape puree sampled in Le Blanc (Indre), France on 3 Nov 2008. Plated 3 Nov 2008, isolated as adult on 5 Nov.
JU1652	JU1652	JU		R. Giordano	-34.86	-56.19	Montevideo	Departamento de Montevideo	Uruguay	2009-01-01	Isolated from compost sampled in Montevideo, Uruguay
JU1896	JU1896	JU	M. Barkoulas	M. Barkoulas	37.999722	23.749673	Athens	Attica	Greece	2010-01-02	Collected on 2 Jan 10 from rotten olives in Alsos Polygonou, Athens, Greece.
JU2001	JU2001	JU	T. Belicard	T. Belicard	-21.1	55.5	""	Saint-Benoît	Reunion	only month/year (September 2010) is known	Sampled in La Réunion in Sep 2010 by Tony Belicard
JU2007	JU2007	JU	M. Barkoulas	M. Barkoulas	50.7608	-1.32413	Whitwell	England	United Kingdom	2010-10-16	Wild strain isolated by Michalis Barkoulas in Cowes, Isle of Wight, UK from rotten apples. Oct 2010
JU2316	JU2316	JU	M-A. Félix	M-A. Félix	38.7175	-9.1486	Lisbon	Lisbon	Portugal	2013-08-25	Isolated from rotten Ficus macrophylla fruits sampled on 25 Aug 2013 in the Botanical Garden of the University of Lisbon, Portugal. Plated on 26 Aug. Started from a post-dauer juvenile on 26 Aug. Same sample as JU2317 and JU2377
JU2464	JU2464	JU	L. Frezal	L. Lokmane	-13.155	-72.525	Aguas Calientes	Cusco	Peru	Only month/year (January 2013) is known	From a rotting fleshy fruit collected by Ludmilla Lokmane in Aguas Calientes (Peru; -13.156022, -72.52402) in Jan 2013. Isolated by Lise Frézal from an adult isolated on 9 Jan 2013
JU2466	JU2466	JU	L. Frezal	L. Lokmane	-13.257	-72.266	Ollantaytambo	Cusco	Peru	Only month/year (January 2013) is known	From a rotting lemon collected by Ludmilla Lokmane in Ollanta (Peru; -13.266085, -72.179351) in Jan 2013. Isolated by Lise Frézal. Line started from an adult isolated on 9 Jan 2013
JU2467	JU2464	JU	L. Frezal	L. Lokmane	-13.155	-72.525	Aguas Calientes	Cusco	Peru	Only month/year (January 2013) is known	From a rotting fleshy fruit collected by Ludmilla Lokmane in Aguas Calientes (Peru; -13.156022, -72.52402) in Jan 2013. Isolated by Lise Frézal. Line started from an adult on 9 Jan 2013.
JU2468	JU2464	JU	L. Frezal	L. Lokmane	-13.155	-72.525	Aguas Calientes	Cusco	Peru	Only month/year (January 2013) is known	From a rotting fleshy fruit collected by Ludmilla Lokmane in Aguas Calientes (Peru; -13.156022, -72.52402) in Jan 2013. Isolated by Lise Frézal from an adult on 9 Jan 2013.
JU2513	JU2513	JU	M-A. Félix	M-A. Félix	38.26016	22.0736	""	Peloponnisos Dytiki Ellada ke Ionio	Greece	2013-05-07	Isolated from a rotting orange sampled by MAF near Aigio, Greece on 7 May 2013. 38.26016, 22.0736
JU2519	JU2519	JU	M-A. Félix	M-A. Félix	38.7175	-9.1486	Lisbon	Lisbon	Portugal	2013-08-25	Isolated from rotten Ficus isophlebia fruits sampled on 25 Aug 2013 in the Botanical Garden of the University of Lisbon, Portugal. Plated on 26 Aug. Started from a dauer juvenile on 26 Aug. Same sample as JU2520-1. Same tree as JU778-81
JU2522	JU2522	JU	M-A. Félix	M-A. Félix	38.7175	-9.1486	Lisbon	Lisbon	Portugal	2013-08-25	Isolated from rotten fruits of Harpephyllum caffrum (Anacardiaceae) sampled on 25 Aug 2013 in the Botanical Garden of the University of Lisbon, Portugal. Plated on 26 Aug. Started from a young adult on 27 Aug. Same sample as JU2523. Same tree as JU775-7
JU2526	JU2526	JU	M-A. Félix	M-A. Félix	38.7175	-9.1486	Lisbon	Lisbon	Portugal	2013-08-25	Isolated from rotten fruits of Chrysophyllum imperiale sampled on 25 Aug 2013 in the Botanical Garden of the University of Lisbon, Portugal. Plated on 26 Aug. Started from a dauer juvenile on 26 Aug. Same sample as JU2524-5.
JU258	JU258	CGC	M-A. Félix	M-A. Félix	32.73	-16.89	""	Madeira	Portugal	2001-10-01	From Madeira Island, Portugal, Oct 01. Ribeiro Frio 1.1. Along a path through an orchard.
JU263	JU310	JU	M-A. Félix	M-A. Félix	46.63	1.06	Le Blanc	Centre	France	2001-11-03	Vegetable garden in Le Blanc, Indre, France, 3 Nov 01. Vegetable garbage pile. Same soil sample as JU262.
JU300	JU310	JU	M-A. Félix	M.-A.Felix	46.63	1.06	Le Blanc	Centre	France	2002-08-25	Le Blanc, Indre, France - vegetable garden compost pile, 25 Aug 02.
JU310	JU310	JU	M-A. Félix	M-A. Félix	46.63	1.06	Le Blanc	Centre	France	2002-08-25	Le Blanc, Indre, France - vegetable garden compost pile, 25 Aug 02.
JU311	JU311	JU	M-A. Félix	M-A. Félix	44.42	4.4	Vallon-Pont-d'Arc	Rhône-Alpes	France	2002-09-08	Merlet, Lagorce (Ardèche), France. 8 Sep 02. Wash from snail tube - snails coming from under a tree full of ivy
JU312	JU311	JU	M-A. Félix	#N/A	44.42	4.4	Vallon-Pont-d'Arc	Auvergne Rhône-Alpes	France	2002-09-08	Merlet, Lagorce (Ardèche), France. 8 Sep 02.Wash from snail tube - snails coming from under a tree full of ivy
JU315	JU311	JU	M-A. Félix	M-A. Félix	44.2	4.4	Goudargues	Languedoc-Roussillon	France	2002-09-08	Merlet, Lagorce (Ardèche), France. 8 Sep 02. From Pomatias elegans (?) snails
JU319	JU311	JU	M-A. Félix	#N/A	44.42	4.4	Vallon-Pont-d'Arc	Auvergne Rhône-Alpes	France	2002-09-08	Merlet, Lagorce (Ardèche), France. 8 Sep 02.From soil under a tree full of ivy.
JU322	JU323	JU	M-A. Félix	M-A. Félix	44.42	4.4	Vallon-Pont-d'Arc	Rhone-Alpes	France	2002-09-08	Merlet, Lagorce (Ardèche), France. 8 Sep 02. From a Helix snail #1 on the trunk of a mulberry tree (not the same snail as JU323).
JU323	JU323	JU	M-A. Félix	M-A. Félix	44.42	4.4	Vallon-Pont-d'Arc	Rhone-Alpes	France	2002-09-08	Merlet, Lagorce (Ardèche), France. 8 Sep 02. From a Helix snail #3 on the trunk of a mulberry tree (not the same snail as JU322).
JU346	JU346	JU	M-A. Félix	M-A. Félix	44.42	4.4	Goudargues	Languedoc-Roussillon	France	2002-09-08	Merlet, Lagorce (Ardèche), France. 8 Sep 02. From a Glomeris myriapod in the compost pile (same myriapod as JU342, JU343, JU344).
JU360	JU360	JU	M-A. Félix	C. Pieau	48.98	2.23	Franconville	ÃÅ½le-de-France	France	2002-09-16	Franconville (Val d’Oise), France. Compost heap in Claude Pieau’s garden, 16 Sept 02.
JU361	JU367	JU	M-A. Félix	C. Pieau	48.98	2.23	Franconville	Île-de-France	France	2002-09-16	Franconville (Val d’Oise), France. Compost heap in Claude Pieau’s garden, 16 Sept 02.
JU363	JU360	CGC	M-A. Félix	C. Pieau	48.98	2.23	Franconville	ÃÅ½le-de-France	France	2002-09-16	Franconville (Val d’Oise), France. Compost heap in Claude Pieau’s garden, 16 Sept 02.
JU367	JU367	JU	M-A. Félix	C. Pieau	48.98	2.23	Franconville	ÃÅ½le-de-France	France	2002-09-16	Franconville (Val d’Oise), France. Compost heap in Claude Pieau’s garden, 16 Sept 02.
JU393	JU393	JU	A. Barrière	A. Barrière	49.28	-0.32	Hermanville-sur-Mer	Basse-Normandie	France	Only month/year (Sep. 2002) known	Hermanville (Calvados), France - compost pile, Sep 02.
JU394	JU394	JU	A. Barrière	A. Barrière	49.28	-0.32	Hermanville-sur-Mer	Basse-Normandie	France	Only month/year (Sep. 2002) known	Hermanville (Calvados), France - compost pile, Sep 02.
JU397	JU397	JU	A. Barrière	A. Barrière	49.28	-0.32	Hermanville-sur-Mer	Basse-Normandie	France	Only month/year (Sep. 2002) known	Hermanville (Calvados), France - compost pile, Sep 02.
JU400	JU394	JU	A. Barrière	#N/A	49.28	-0.32	Hermanville-sur-Mer	Lower Normandy	France	Only month/year (Sep. 2002) known	Hermanville (Calvados), France - compost pile, Sep 02.
JU406	JU406	JU	A. Barrière	A. Barrière	49.28	-0.32	Hermanville-sur-Mer	Basse-Normandie	France	2002-12-30	Hermanville (Calvados), France - compost pile - isolated 30 Dec 02.
JU440	JU440	JU	M-A. Félix	D. Baïlle	48.715	1.56	Boutigny-Prouais	Centre	France	2003-09-12	From Beauchêne (Eure & Loir -France) in the compost pile, 12 Sep 03.
JU533	JU1213	JU	M-A. Félix	M-A. Félix	48.71	-3.81	Plougasnou	Brittany	France	2004-10-03	Isolated from compost heap in Primel-Trégastel (Finistère, France), 03 Oct 04. Picked as adult on 6 Oct 04.
JU561	JU561	JU	M-A. Félix	M-A. Félix	48.71	-3.81	Plougasnou	Bretagne	France	2004-10-03	Isolated from a sowbug found in the tube of compost from Hent ar Rhun, Finistère, France, on 3 Oct O4. Picked on 4 Oct 04.
JU642	JU642	JU	M-A. Félix	J-A Lepesant	48.84	2.5	Le Perreux-sur-Marne	Île-de-France	France	2004-12-14	
JU751	JU751	JU	M-A. Félix	J-A Lepesant	48.84	2.5	Le Perreux-sur-Marne	Île-de-France	France	2005-06-08	
JU774	JU774	JU	M-A. Félix	M-A. Félix	38.683	-9.34	Carcavelos	Lisbon	Portugal	2005-07-10	
JU775	JU775	JU	M-A. Félix	M-A. Félix	38.7175	-9.1486	Lisbon	Lisbon	Portugal	2005-07-10	Isolated in the Botanical Garden, Lisbon, Portugal
JU778	JU778	JU	M-A. Félix	M-A. Félix	38.719	-9.1491	Lisbon	Lisbon	Portugal	2005-07-10	Isolated in the Botanical Garden, Lisbon, Portugal
JU782	JU782	JU	M-A. Félix	M-A. Félix	38.7191	-9.1503	Lisbon	Lisbon	Portugal	2005-07-10	Isolated in the Botanical Garden, Lisbon, Portugal
JU792	JU792	JU	M-A. Félix	M-A. Félix	43.06	0.24	Fréchendets	Midi-Pyrénées	France	2005-08-31	
JU830	JU830	JU	M-A. Félix	R. Hong	48.52	9.05	Tübingen	Baden-Württemberg	Germany	2005-09-28	
JU847	JU847	JU	M-A. Félix	M-A. Félix	48.46	7.461	Obernai	Alsace-Champagne-Ardenne-Lorraine	France	2005-10-03	Plated 4 Oct, picked as adult on 4 Oct .
KR314	KR314	CGC	F. Dill	F. Dill	49.28	-123.13	Vancouver	British Columbia	Canada	1984-05-01	
LKC34	LKC34	CGC	V. Stowell	V. Stowell	-18	46	""	Antananarivo	Madagascar	2005-06-17	
LSJ1	LSJ1	CGC	W. Nicholas	W. Nicholas	51.45	-2.59	Bristol	England	United Kingdom	only year (1951) is known	Clonally related to N2, Maintained by E.C. Dougherty in axenic media until frozen in 1969
MY1	MY1	MY	H. Schulenburg	H. Schulenburg	52.54	7.31	Lingen (Ems)	Niedersachsen	Germany	2002-07-01	
MY10	MY10	CGC	H. Schulenburg	H. Schulenburg	51.96	7.53	Münster	Nordrhein-Westfalen	Germany	2002-07-01	
MY16	MY16	CGC	H. Schulenburg	H. Schulenburg	51.93	7.57	Münster	Nordrhein-Westfalen	Germany	2002-07-01	
MY18	MY18	CGC	H. Schulenburg	H. Schulenburg	51.96	7.53	Münster	Nordrhein-Westfalen	Germany	2002-07-01	
MY2	MY23	CGC	H. Schulenburg	H. Schulenburg	51.96	7.53	Münster	North Rhine-Westphalia	Germany	2002-07-01	
MY23	MY23	CGC	H. Schulenburg	H. Schulenburg	51.96	7.53	Münster	Nordrhein-Westfalen	Germany	2002-07-01	
MY6	MY18	CGC	H. Schulenburg	H. Schulenburg	51.96	7.53	Münster	North Rhine-Westphalia	Germany	2002-07-01	
N2	N2	MT	W. Nicholas	W. Nicholas	51.45	-2.59	Bristol	England	United Kingdom	only year (1951) is known	Maintained by E.C. Dougherty in axenic media until sent to S. Brenner in 1964. Frozen in 1969.
NIC1	NIC1	NIC	C. Braendle	C. Braendle	43.279	5.3543	Marseille	Provence-Alpes-Côte d'Azur	France	2008-09-14	
NIC166	NIC166	NIC	C. Braendle	C. Braendle	46.72722	6.89775	Valbroye	Vaud	Switzerland	2007-07-27	
NIC195	NIC195	NIC	D. Bourc’his and J. Dumont	D. Bourc’his and J. Dumont	38.545874	-28.37322	Santana	Azores	Portugal	2011-08-22	
NIC196	NIC195	NIC	D. Bourc’his and J. Dumont	D. Bourc’his and J. Dumont	38.4716405	-28.20149	Prainha	Azores	Portugal	2011-08-23	
NIC197	NIC195	NIC	D. Bourc’his and J. Dumont	D. Bourc’his and J. Dumont	38.39682	-28.25165	Lajes Do Pico	Azores	Portugal	2011-08-23	
NIC198	NIC195	NIC	D. Bourc’his and J. Dumont	D. Bourc’his and J. Dumont	39.4364016	-31.23849		Azores	Portugal	2011-08-29	
NIC199	NIC199	NIC	D. Bourc’his and J. Dumont	D. Bourc’his and J. Dumont	37.745428	-25.19929	Faial da Terra	Azores	Portugal	2011-03-09	
NIC2	NIC2	NIC	C. Braendle	C. Braendle	43.279	5.3543	Marseille	Provence-Alpes-Côte d'Azur	France	2008-09-14	
NIC200	NIC199	NIC	D. Bourc’his and J. Dumont	D. Bourc’his and J. Dumont	37.74942	-25.66489	Ponta Delgada	Azores	Portugal	2011-05-09	
NIC207	NIC207	NIC	C. Braendle	C. Braendle	43.720505	7.24045	Nice	Provence-Alpes-Côte d'Azur	France	2011-09-21	
NIC231	NIC231	NIC	C. Braendle	C. Braendle	43.720505	7.24045	Nice	Provence-Alpes-Côte d'Azur	France	2011-11-14	
NIC232	NIC231	NIC	C. Braendle	C. Braendle	43.720505	7.24045	Nice	Provence-Alpes-Côte d'Azur	France	2011-11-14	
NIC236	NIC236	NIC	C. Braendle	C. Braendle	39.242006	-9.313417	Lourinhã	Lisboa	Portugal	2011-11-26	
NIC237	NIC236	NIC	C. Braendle	C. Braendle	39.242006	-9.313417	Lourinhã	Lisboa	Portugal	2011-11-26	
NIC242	NIC242	NIC	C. Braendle	C. Braendle	38.691765	-9.31609	Oeiras	Lisbon Metropolitan Area	Portugal	2008-08-17	Isolated at IGC (Instituto Gulbenkian de Ciência)
NIC251	NIC251	NIC	S. Carvalho	S. Carvalho	38.66621	-28.151364	Ribeira do Nabo	Azores	Portugal	Only year and month are known (08-2012)	Isolated in the Azores, on the island of São Jorge
NIC252	NIC252	NIC	S. Carvalho	S. Carvalho	38.661313	-28.147949	Ribeira do Nabo	Azores	Portugal	Only year and month are known (08-2012)	Isolated in the Azores, on the island of São Jorge
NIC255	NIC255	NIC	C. Braendle	C. Braendle	43.714834	7.266779	Nice	Provence-Alpes-Côte d'Azur	France	2012-11-18	Isolated in Parc de Valrose
NIC256	NIC256	NIC	C. Braendle	C. Braendle	38.71829	-9.14875	Lisbon	Lisbon Metropolitan Area	Portugal	2012-12-02	
NIC258	NIC258	NIC	C. Braendle	C. Braendle	38.71829	-9.14875	Lisbon	Lisbon Metropolitan Area	Portugal	2012-12-02	
NIC259	NIC259	NIC	C. Braendle	C. Braendle	38.71829	-9.14875	Lisbon	Lisbon Metropolitan Area	Portugal	2012-12-02	
NIC260	NIC260	NIC	C. Braendle	C. Braendle	38.71829	-9.14875	Lisbon	Lisbon Metropolitan Area	Portugal	2012-12-02	
NIC261	NIC261	NIC	C. Braendle	C. Braendle	38.71829	-9.14875	Lisbon	Lisbon Metropolitan Area	Portugal	2012-12-02	
NIC262	NIC262	NIC	C. Braendle	C. Braendle	38.71829	-9.14875	Lisbon	Lisbon Metropolitan Area	Portugal	2012-12-02	
NIC263	NIC256	NIC	C. Braendle	C. Braendle	38.71829	-9.14875	Lisbon	Lisbon Metropolitan Area	Portugal	2012-12-02	
NIC265	NIC265	NIC	C. Braendle	C. Braendle	38.71829	-9.14875	Lisbon	Lisbon Metropolitan Area	Portugal	2012-12-02	
NIC266	NIC266	NIC	C. Braendle	C. Braendle	38.69237	-9.31592	Oeiras	Lisbon Metropolitan Area	Portugal	2012-12-07	Isolated in Jardim do Palacio do Marques de Pombal
NIC267	NIC267	NIC	C. Braendle	C. Braendle	38.69237	-9.31592	Oeiras	Lisbon Metropolitan Area	Portugal	2012-12-07	Isolated in Jardim do Palacio do Marques de Pombal
NIC268	NIC268	NIC	C. Braendle	C. Braendle	38.69237	-9.31592	Oeiras	Lisbon Metropolitan Area	Portugal	2012-12-07	Isolated in Jardim do Palacio do Marques de Pombal
NIC269	NIC269	NIC	C. Braendle	C. Braendle	38.69237	-9.31592	Oeiras	Lisbon Metropolitan Area	Portugal	2012-12-07	Isolated in Jardim do Palacio do Marques de Pombal
NIC270	NIC267	NIC	C. Braendle	C. Braendle	38.69237	-9.31592	Oeiras	""	Portugal	2012-12-07	Isolated in Jardim do Palacio do Marques de Pombal
NIC271	NIC271	NIC	C. Braendle	C. Braendle	38.69237	-9.31592	Oeiras	Lisbon Metropolitan Area	Portugal	2012-12-07	Isolated in Jardim do Palacio do Marques de Pombal
NIC272	NIC272	NIC	C. Braendle	C. Braendle	39.769459	-8.756356	Boa Vista	Leiria District	Portugal	2012-12-09	Isolated in a garden near an old farmhouse
NIC273	NIC272	NIC	C. Braendle	C. Braendle	39.769459	-8.756356	Boa Vista	Leiria District	Portugal	2012-12-09	Isolated in a garden near an old farmhouse
NIC274	NIC274	NIC	C. Braendle	C. Braendle	39.769459	-8.756356	Boa Vista	Leiria District	Portugal	2012-12-09	Isolated in a garden near an old farmhouse
NIC275	NIC275	NIC	C. Braendle	C. Braendle	39.769459	-8.756356	Boa Vista	Leiria District	Portugal	2012-12-09	Isolated in a garden near an old farmhouse
NIC276	NIC276	NIC	C. Braendle	C. Braendle	39.769459	-8.756356	Boa Vista	Leiria District	Portugal	2012-12-09	Isolated in a garden near an old farmhouse
NIC277	NIC277	NIC	C. Braendle	C. Braendle	43.716441	7.266138	Nice	Provence-Alpes-Côte d'Azur	France	2012-12-15	Isolated in Parc de Valrose
NIC3	NIC3	NIC	C. Braendle	C. Braendle	43.3636	5.3215	Marseille	Provence-Alpes-Côte d'Azur	France	2008-09-28	
NIC4	NIC3	NIC	C. Braendle	C. Braendle	43.3636	5.3215	Marseille	Provence-Alpes-Côte d'Azur	France	2008-09-28	
PB303	PB303	CGC	S. Baird	S. Baird			""	""	""	1998-11-14	Porcellio scaber obtained from Ward's Biological Supply
PS2025	PS2025	CGC	J. Demodena	J. Demodena	34.19	-118.13	Altadena	California	United States		
PX174	RC301	CGC					""	""	""		Likely contaminated with RC301
PX179	PX179	CGC	B. White	B. White	44.035	-123.058	Eugene	Oregon	United States	2001-10-02	Isolated in northwest Hendricks Park, northwest rhododendron garden, Eugene, OR.
QG2075	QG2075	QG		M. Rockman	33.951	-83.376	Athens	Georgia	United States	2013-02-20	
QG536	QG536	QG		M. Rockman	37.7502	-122.4331	San Francisco	California	United States	2010-12-30	
QG537	QG536	QG		M. Rockman	37.7502	-122.4331	San Francisco	California	United States	2010-12-30	
QG538	QG536	QG		M. Rockman	37.7502	-122.4331	San Francisco	California	United States	2010-12-30	
QG556	QG556	QG		A. Paaby	34.421629	-119.702021	Santa Barbara	California	United States	2011-06-27	
QG557	QG557	QG		A. Paaby	34.421629	-119.702021	Santa Barbara	California	United States	2011-06-27	
QG558	QG556	QG		A. Paaby	34.421629	-119.702021	Santa Barbara	California	United States	2011-06-27	
QW947	QW947	QW	M. Alkema	M. Alkema	-33.4213	-70.6106	Santiago	Santiago Metropolitan Region	Chile	2013-04-12	
QX1211	QX1211	QX	M. Rockman	M. Rockman	37.7502	-122.4331	San Francisco	California	United States	2007-11-26	
QX1212	QX1212	QX	M. Rockman	M. Rockman	37.7502	-122.4331	San Francisco	California	United States	2007-11-26	
QX1213	QX1212	QX	M. Rockman	M. Rockman	37.7502	-122.4331	San Francisco	California	United States	2007-11-26	
QX1214	QX1212	QX	M. Rockman	M. Rockman	37.7502	-122.4331	San Francisco	California	United States	2007-11-26	
QX1215	QX1211	QX	M. Rockman	M. Rockman	37.7502	-122.4331	San Francisco	California	United States	2007-11-26	
QX1216	QX1211	QX	M. Rockman	M. Rockman	37.7502	-122.4331	San Francisco	California	United States	2007-11-26	
QX1233	QX1233	QX	M. Rockman	M. Rockman	37.8804	-122.2838	Berkeley	California	United States	2007-11-24	
QX1791	QX1791	QX	E. Andersen	E.Andersen	20.6344	-156.3935	Kula	Hawaii	United States	2011-01-27	
QX1792	QX1792	QX	E. Andersen	E.Andersen	20.70554	-156.35475	Kula	Hawaii	United States	2011-01-28	
QX1793	QX1793	QX	E. Andersen	E.Andersen	20.70559	-156.35678	Kula	Hawaii	United States	2011-01-28	
QX1794	QX1794	QX	E. Andersen	E.Andersen	20.70559	-156.35678	Kula	Hawaii	United States	2011-01-28	
RC301	RC301	CGC	R. Cassada	R. Cassada	47.99	7.84	Freiburg im Breisgau	Baden-Württemberg	Germany	Only year (1983) is known	Reference WBG 9(3) 29 and 10(2) 140-141. npr-1 pka bor-1
WN2001	WN2001	WN		J. Riksen	51.954422	6.303406	Doetinchem	Gelderland	Netherlands	2008-06-26	
WN2002	WN2002	WN	J. Riksen	J. Riksen	51.975285	5.694834	Wageningen	Gelderland	Netherlands	2007-11-20	
WN2010	WN2001	WN		J. Riksen	51.954422	6.303406	Doetinchem	Gelderland	Netherlands	2008-06-26	
WN2011	WN2001	WN		J. Riksen	51.954422	6.303406	Doetinchem	Gelderland	Netherlands	2008-06-26	
WN2013	WN2001	WN		J. Riksen	51.954422	6.303406	Doetinchem	Gelderland	Netherlands	2008-06-26	
WN2014	WN2001	WN		J. Riksen	51.954422	6.303406	Doetinchem	Gelderland	Netherlands	2008-06-26	
WN2016	WN2001	WN		J. Riksen	51.954422	6.303406	Doetinchem	Gelderland	Netherlands	2008-06-26	
WN2017	WN2001	WN		J. Riksen	51.954422	6.303406	Doetinchem	Gelderland	Netherlands	2008-06-26	
WN2018	WN2001	WN		J. Riksen	51.954422	6.303406	Doetinchem	Gelderland	Netherlands	2008-06-26	
WN2019	WN2001	WN		J. Riksen	51.954422	6.303406	Doetinchem	Gelderland	Netherlands	2008-06-26	
WN2020	WN2001	WN		J. Riksen	51.954422	6.303406	Doetinchem	Gelderland	Netherlands	2008-06-26	
WN2021	WN2001	WN		J. Riksen	51.954422	6.303406	Doetinchem	Gelderland	Netherlands	2008-06-26	
