strain	nil_genotype	chromosome	start	end	constructed_by
QX2267	N2	IV	14751360	16085022	Tyler Shimko
QX2268	N2	IV	14751360	16085022	Tyler Shimko
QX2265	N2	V	8565046	13445950	Tyler Shimko
QX2266	N2	V	8565046	13445950	Tyler Shimko
QX2306	CB4856	V	8565046	13445950	Tyler Shimko
QG1306	CB4856	X	3270193	4689418	Max Bernstein
QG1691	CB4856	X	3301335	4689418	Max Bernstein
QG637	CB4856	X	3330313	4689418	Max Bernstein
QG1651	CB4856	X	3360667	4689418	Max Bernstein
QG2150	CB4856	X	3393330	4689418	Max Bernstein
QG1710	CB4856	X	3421818	4689418	Max Bernstein
QG1630	CB4856	X	3446537	4689418	Max Bernstein
QG1550	CB4856	X	3474871	4689418	Max Bernstein
QG618	CB4856	X	3508907	4689418	Max Bernstein
QG1479	CB4856	X	3539162	4689418	Max Bernstein
QG1695	CB4856	X	3572900	4689418	Max Bernstein
QG904	CB4856	X	3598096	4689418	Max Bernstein
QG619	CB4856	X	3625276	4689418	Max Bernstein
QG1618	CB4856	X	3661172	4689418	Max Bernstein
QG1646	CB4856	X	3694441	4689418	Max Bernstein
QG616	CB4856	X	3725601	4689418	Max Bernstein
QG2185	CB4856	X	3755522	4689418	Max Bernstein
QG690	CB4856	X	3796285	4689418	Max Bernstein
QG658	CB4856	X	3828597	4689418	Max Bernstein
QG2147	CB4856	X	3861828	4689418	Max Bernstein
QG2275	CB4856	X	3896900	4689418	Max Bernstein
QG1625	CB4856	X	3918523	4689418	Max Bernstein
QG2102	CB4856	X	3943549	4689418	Max Bernstein
QG657	CB4856	X	3977927	4689418	Max Bernstein
QG633	CB4856	X	4009653	4689418	Max Bernstein
QG1698	CB4856	X	4057784	4689418	Max Bernstein
QG625	CB4856	X	4084091	4689418	Max Bernstein
QG1719	CB4856	X	4112127	4689418	Max Bernstein
QG1247	CB4856	X	4139721	4689418	Max Bernstein
QG1415	CB4856	X	4165426	4689418	Max Bernstein
QG1305	CB4856	X	4190962	4689418	Max Bernstein
QG1650	CB4856	X	4219825	4689418	Max Bernstein
QG2112	CB4856	X	4247750	4689418	Max Bernstein
QG2114	CB4856	X	4277347	4689418	Max Bernstein
QG1535	CB4856	X	4306984	4689418	Max Bernstein
QG1326	CB4856	X	4346105	4689418	Max Bernstein
QG1382	CB4856	X	4373895	4689418	Max Bernstein
QG1424	CB4856	X	4403667	4689418	Max Bernstein
QG2164	CB4856	X	4429505	4689418	Max Bernstein
QG2160	CB4856	X	4455953	4689418	Max Bernstein
QG1946	CB4856	X	4486287	4689418	Max Bernstein
QG1197	CB4856	X	4514775	4689418	Max Bernstein
QG1290	CB4856	X	4536017	4689418	Max Bernstein
QG1189	CB4856	X	4577850	4689418	Max Bernstein
QG1758	CB4856	X	4609917	4689418	Max Bernstein
QG905	CB4856	X	4644913	4689418	Max Bernstein
ERT246	CB4856	II	1373016	2090144	Keir Balla
ERT247	N2	II	1373016	2090144	Keir Balla
ERT248	CB4856	V	16734456	17917291	Keir Balla
ERT249	N2	V	16734456	17917291	Keir Balla
ERT252	CB4856	II	1373016	1652838	Keir Balla
ERT253	CB4856	II	1373016	1547483	Keir Balla
ERT331	N2	II	1808297	2090144	Keir Balla
ERT332	N2	II	1547483	2090144	Keir Balla
ERT333	CB4856	V	17917281	17917291	Keir Balla
ERT334	CB4856	V	16734456	17520781	Keir Balla
ERT335	CB4856	V	17917281	17917291	Keir Balla
CX11922	CB4856	II	4783398	6672356	Andres Bendesky
CX13072	CB4856	II	4783398	6442763	Andres Bendesky
CX13073	CB4856	II	5926596	6198696	Andres Bendesky
CX13602	CB4856	II	5926596	6672356	Andres Bendesky
CX13601	CB4856	II	5926596	6064898	Andres Bendesky
CX13854	CB4856	II	6155430	6198696	Andres Bendesky
CX14013	CB4856	II	5926596	6146765	Andres Bendesky
CX14008	CB4856	II	5926596	6156620	Andres Bendesky
CX14011	CB4856	II	6111057	6156620	Andres Bendesky
QX1092	CB4856	X	3921083	4937279	Matt Rockman
CX11400	N2	X	4649200	4797631	Andres Bendesky
CX10927	N2	X	4797631	5744794	Andres Bendesky
CX13272	N2	X	4279605	5153187	Andres Bendesky
CX13271	CB4856	X	4919592	5033445	Andres Bendesky
QX1157	CB4856	X	4637513	10265260	Matt Rockman
QX1821	N2	V	15790107	16275845	Raj Ghosh
snuIR3	CB4856	IV	15570327	16004679	Daehan Lee
snuIR4	N2	IV	15399910	15874012	Daehan Lee
snuIR5	N2	IV	15399910	15721883	Daehan Lee
snuIR6	N2	IV	15399910	15570359	Daehan Lee
snuIR7	N2	IV	15769804	15874012	Daehan Lee
snuIR9	N2	IV	15399910	15731721	Daehan Lee
snuIR10	N2	IV	15399910	15787240	Daehan Lee
snuIR11	N2	IV	15718040	15874012	Daehan Lee
snuIR12	N2	IV	15399910	15645536	Daehan Lee
snuIR13	N2	IV	15645536	15787240	Daehan Lee
snuIR15	N2	IV	15641444	15731721	Daehan Lee
CX12004	CB4856	IV	151889	795461	Elizabeth Glater
CX12783	CB4856	IV	151889	864280	Elizabeth Glater
CX12781	CB4856	IV	151889	1039246	Elizabeth Glater
CX12776	CB4856	IV	151889	1039246	Elizabeth Glater
CX12773	CB4856	IV	151889	1799032	Elizabeth Glater
CX11900	CB4856	IV	151889	1799032	Elizabeth Glater
CX12778	CB4856	IV	151889	1799032	Elizabeth Glater
CX12774	CB4856	IV	151889	2288742	Elizabeth Glater
CX12775	CB4856	IV	151889	2288742	Elizabeth Glater
CX12782	CB4856	IV	151889	2761525	Elizabeth Glater
CX12772 	CB4856	IV	151889	2761525	Elizabeth Glater
CX12769	CB4856	IV	151889	3920366	Elizabeth Glater
CX11901	CB4856	IV	151889	3920366	Elizabeth Glater
CX12005	CB4856	IV	2288742	3920366	Elizabeth Glater
CX11879	CB4856	IV	2761525	3347952	Elizabeth Glater
CX12006	CB4856	IV	795461	2288742	Elizabeth Glater
CX12771	CB4856	IV	1034642	3920366	Elizabeth Glater
CX12780	CB4856	IV	1799032	3920366	Elizabeth Glater
CX12777	CB4856	IV	1799032	3920366	Elizabeth Glater
CX11561	CB4856	IV	151889	13049020	Elizabeth Glater
CX11931	CB4856	IV	4991858	13049020	Elizabeth Glater
CX11932	CB4856	IV	3347952	13049020	Elizabeth Glater
CX11934	CB4856	IV	2761525	13049020	Elizabeth Glater
CX11930	CB4856	IV	2288742	13049020	Elizabeth Glater
CX11933	CB4856	IV	1381409	13049020	Elizabeth Glater
CX11905	CB4856	IV	2761525	16085085	Elizabeth Glater
CX11564	CB4856	IV	2761525	16085085	Elizabeth Glater
CX11563	CB4856	IV	3920366	16085085	Elizabeth Glater
CX11881 	CB4856	IV	13667267	16085085	Elizabeth Glater
CX11562	CB4856	IV	14566567	16085085	Elizabeth Glater
ERT246	CB4856	II	1373016	2090144	Keir Balla
ERT247	N2	II	1373016	2090144	Keir Balla
ERT248	CB4856	V	16734456	17917291	Keir Balla
ERT249	N2	V	16734456	17917291	Keir Balla
ERT252	CB4856	II	1373016	1652838	Keir Balla
ERT253	CB4856	II	1373016	1547483	Keir Balla
ERT331	N2	II	1808297	2090144	Keir Balla
ERT332	N2	II	1547483	2090144	Keir Balla
ERT333	CB4856	V	17917291	17917291	Keir Balla
ERT334	CB4856	V	16734456	17520781	Keir Balla
ERT335	CB4856	V	17917291	17917291	Keir Balla
ECA220	N2	II	12181234	15101387	Stefan Zdraljevic
ECA219	CB4856	II	11260931	11910256	Stefan Zdraljevic
ECA216	N2	II	11260931	12181234	Stefan Zdraljevic
ECA215	N2	II	11492171	11910256	Stefan Zdraljevic
ECA214	N2	II	5860848	8844665	Stefan Zdraljevic
ECA229	N2	IV	5110734	8212089	Sarah Giuliani
ECA230	N2	V	7862556	13110045	Shannon Brady
ECA232	CB4856	V	7862556	13110045	Shannon Brady
ECA233	CB4856	V	10379119	11940588	Shannon Brady
ECA235	N2	I	5715380	7802675	Shannon Brady/Annika Zang
ECA236	CB4856	I	5715380	7802675	Shannon Brady/Annika Zang